{"ran_on": "06/06/2020 11:45:04", "no_of_artists": 100, "no_of_epochs": 15, "macro_f_score": [0.02741624087978814, 0.04406128000685227, 0.043464955432532405, 0.05330219291993834, 0.05863001347775299, 0.04412387568758834, 0.05455799991225735, 0.05627235490877041, 0.0466434626420046, 0.043921464172966725, 0.06784384732300622, 0.058246105150570084, 0.04467113728454914, 0.0556267216906841, 0.05582145678196355], "micro_f_score": [0.02905287623474724, 0.045322486926205705, 0.04590354445090064, 0.05287623474723998, 0.05171411969785008, 0.04241719930273097, 0.05345729227193492, 0.05810575246949448, 0.05055200464846019, 0.04764671702498547, 0.06042998256827426, 0.05229517722254503, 0.04241719930273097, 0.05520046484601976, 0.05461940732132481]}