{"ran_on": "06/06/2020 10:13:07", "no_of_artists": 10, "no_of_epochs": 10, "macro_f_score": [0.2247975350146313, 0.2282213807140079, 0.20300424538763426, 0.23120764038349725, 0.23237477615454588, 0.2048483240511856, 0.21883538370817482, 0.24424119805876135, 0.28394217073596767, 0.2422534160308028], "micro_f_score": [0.2192513368983957, 0.20855614973262032, 0.17647058823529413, 0.19786096256684493, 0.20320855614973263, 0.18716577540106955, 0.18181818181818182, 0.24064171122994651, 0.2620320855614973, 0.23529411764705882]}