{"ran_on": "12/07/2020 15:04:20", "no_of_artists": 10, "no_of_epochs": 1, "macro_f_score": [0.020192307692307693], "micro_f_score": [0.1122994652406417]}