{"ran_on": "11/06/2020 11:20:55", "no_of_artists": 10, "no_of_epochs": 5, "macro_f_score": [0.02038834951456311, 0.18404486255902155, 0.15477903475328253, 0.2142752342729503, 0.057902469487872754], "micro_f_score": [0.1122994652406417, 0.1711229946524064, 0.1497326203208556, 0.21390374331550802, 0.09090909090909091]}