{"ran_on": "11/06/2020 11:22:40", "no_of_artists": 10, "no_of_epochs": 20, "macro_f_score": [0.02038834951456311, 0.18404486255902155, 0.15477903475328253, 0.2142752342729503, 0.057902469487872754, 0.2010903904597345, 0.24013081019508878, 0.22546721723379382, 0.1832614707369886, 0.189775762872758, 0.13658722177015564, 0.2288700005032056, 0.17052934029929567, 0.2426454927742991, 0.18599394374680867, 0.18139375328636334, 0.22514071881727024, 0.21716118181906544, 0.2600574559148788, 0.2080914997360881], "micro_f_score": [0.1122994652406417, 0.1711229946524064, 0.1497326203208556, 0.21390374331550802, 0.09090909090909091, 0.18716577540106955, 0.18716577540106955, 0.20320855614973263, 0.16042780748663102, 0.1443850267379679, 0.1657754010695187, 0.25133689839572193, 0.15508021390374332, 0.24598930481283424, 0.1657754010695187, 0.13903743315508021, 0.20320855614973263, 0.1711229946524064, 0.18181818181818182, 0.17647058823529413]}