{"ran_on": "11/06/2020 11:25:55", "no_of_artists": 10, "no_of_epochs": 100, "macro_f_score": [0.02038834951456311, 0.18404486255902155, 0.15477903475328253, 0.2142752342729503, 0.057902469487872754, 0.2010903904597345, 0.24013081019508878, 0.22546721723379382, 0.1832614707369886, 0.189775762872758, 0.13658722177015564, 0.2288700005032056, 0.17052934029929567, 0.2426454927742991, 0.18599394374680867, 0.18139375328636334, 0.22514071881727024, 0.21716118181906544, 0.2600574559148788, 0.2080914997360881, 0.1828780135248602, 0.21014354217780196, 0.2709351407085123, 0.21332620773459685, 0.11196155604271597, 0.1888720310622445, 0.2020962917370697, 0.22083945907681585, 0.13362707166932145, 0.2507216195967629, 0.23833573409267053, 0.2458368663977826, 0.3080633260446875, 0.25511252427634795, 0.270040757268758, 0.18008230346524634, 0.2991290860103682, 0.19143918171475094, 0.265038234719757, 0.21834487479001818, 0.2132095054903654, 0.2327067741530099, 0.22283901869209022, 0.12554785188769335, 0.24277199542970632, 0.28040911141068114, 0.24186254204516228, 0.28845746679152245, 0.24705113157122494, 0.3164769083122839, 0.2371576106399888, 0.3198331274372554, 0.2699410749891965, 0.3343721912491996, 0.29749342440763993, 0.29643198838652024, 0.2743055529719909, 0.21627208634828315, 0.12451618610162521, 0.20681619438190713, 0.26840951192422385, 0.29157908305874264, 0.2546770863879707, 0.2895401932065944, 0.3410110879084262, 0.1394767407203188, 0.22494321465020653, 0.23998064232548905, 0.19415105104412464, 0.27343120323387116, 0.2652647187097256, 0.3040085724025778, 0.2072294253969358, 0.3130368691645407, 0.2382071679307693, 0.21091743922423306, 0.26626190091408497, 0.2482115936281536, 0.2919452230307431, 0.2902793457115546, 0.28473509057401486, 0.3132335260730812, 0.23400798202731818, 0.3029446448649481, 0.2630404543617242, 0.2859886810644979, 0.3363951147591724, 0.23750939359534542, 0.25799287094655277, 0.26704367657664096, 0.28158985939618336, 0.2622920115894633, 0.3397586357828582, 0.27813748365678725, 0.2445497946551879, 0.21384433423987348, 0.2396550122783037, 0.22660251385452743, 0.24973570369435374, 0.22729074038512653], "micro_f_score": [0.1122994652406417, 0.1711229946524064, 0.1497326203208556, 0.21390374331550802, 0.09090909090909091, 0.18716577540106955, 0.18716577540106955, 0.20320855614973263, 0.16042780748663102, 0.1443850267379679, 0.1657754010695187, 0.25133689839572193, 0.15508021390374332, 0.24598930481283424, 0.1657754010695187, 0.13903743315508021, 0.20320855614973263, 0.1711229946524064, 0.18181818181818182, 0.17647058823529413, 0.16042780748663102, 0.16042780748663102, 0.25133689839572193, 0.16042780748663102, 0.1497326203208556, 0.16042780748663102, 0.20320855614973263, 0.26737967914438504, 0.18181818181818182, 0.28342245989304815, 0.2192513368983957, 0.1711229946524064, 0.26737967914438504, 0.29411764705882354, 0.2245989304812834, 0.15508021390374332, 0.24598930481283424, 0.20855614973262032, 0.19786096256684493, 0.15508021390374332, 0.18716577540106955, 0.21390374331550802, 0.17647058823529413, 0.1711229946524064, 0.18181818181818182, 0.2245989304812834, 0.1925133689839572, 0.2245989304812834, 0.2620320855614973, 0.2994652406417112, 0.16042780748663102, 0.25133689839572193, 0.20855614973262032, 0.3048128342245989, 0.29411764705882354, 0.24064171122994651, 0.2192513368983957, 0.29411764705882354, 0.1657754010695187, 0.24598930481283424, 0.20320855614973263, 0.24064171122994651, 0.20855614973262032, 0.25133689839572193, 0.28342245989304815, 0.21390374331550802, 0.23529411764705882, 0.1925133689839572, 0.1711229946524064, 0.23529411764705882, 0.27807486631016043, 0.2727272727272727, 0.20320855614973263, 0.27807486631016043, 0.19786096256684493, 0.25133689839572193, 0.1925133689839572, 0.20320855614973263, 0.2245989304812834, 0.2245989304812834, 0.23529411764705882, 0.25133689839572193, 0.21390374331550802, 0.27807486631016043, 0.25133689839572193, 0.24064171122994651, 0.2620320855614973, 0.2620320855614973, 0.23529411764705882, 0.24064171122994651, 0.24598930481283424, 0.25133689839572193, 0.29411764705882354, 0.25668449197860965, 0.19786096256684493, 0.25668449197860965, 0.20855614973262032, 0.26737967914438504, 0.26737967914438504, 0.17647058823529413]}