{"ran_on": "11/06/2020 11:24:20", "no_of_artists": 10, "no_of_epochs": 50, "macro_f_score": [0.02038834951456311, 0.18404486255902155, 0.15477903475328253, 0.2142752342729503, 0.057902469487872754, 0.2010903904597345, 0.24013081019508878, 0.22546721723379382, 0.1832614707369886, 0.189775762872758, 0.13658722177015564, 0.2288700005032056, 0.17052934029929567, 0.2426454927742991, 0.18599394374680867, 0.18139375328636334, 0.22514071881727024, 0.21716118181906544, 0.2600574559148788, 0.2080914997360881, 0.1828780135248602, 0.21014354217780196, 0.2709351407085123, 0.21332620773459685, 0.11196155604271597, 0.1888720310622445, 0.2020962917370697, 0.22083945907681585, 0.13362707166932145, 0.2507216195967629, 0.23833573409267053, 0.2458368663977826, 0.3080633260446875, 0.25511252427634795, 0.270040757268758, 0.18008230346524634, 0.2991290860103682, 0.19143918171475094, 0.265038234719757, 0.21834487479001818, 0.2132095054903654, 0.2327067741530099, 0.22283901869209022, 0.12554785188769335, 0.24277199542970632, 0.28040911141068114, 0.24186254204516228, 0.28845746679152245, 0.24705113157122494, 0.3164769083122839], "micro_f_score": [0.1122994652406417, 0.1711229946524064, 0.1497326203208556, 0.21390374331550802, 0.09090909090909091, 0.18716577540106955, 0.18716577540106955, 0.20320855614973263, 0.16042780748663102, 0.1443850267379679, 0.1657754010695187, 0.25133689839572193, 0.15508021390374332, 0.24598930481283424, 0.1657754010695187, 0.13903743315508021, 0.20320855614973263, 0.1711229946524064, 0.18181818181818182, 0.17647058823529413, 0.16042780748663102, 0.16042780748663102, 0.25133689839572193, 0.16042780748663102, 0.1497326203208556, 0.16042780748663102, 0.20320855614973263, 0.26737967914438504, 0.18181818181818182, 0.28342245989304815, 0.2192513368983957, 0.1711229946524064, 0.26737967914438504, 0.29411764705882354, 0.2245989304812834, 0.15508021390374332, 0.24598930481283424, 0.20855614973262032, 0.19786096256684493, 0.15508021390374332, 0.18716577540106955, 0.21390374331550802, 0.17647058823529413, 0.1711229946524064, 0.18181818181818182, 0.2245989304812834, 0.1925133689839572, 0.2245989304812834, 0.2620320855614973, 0.2994652406417112]}