{"ran_on": "15/05/2020 02:56:19", "no_of_artists": 10, "no_of_epochs": 250, "macro_f_score": [0.10704933826245161, 0.10731210907824454, 0.10618469011169893, 0.10735146692113527, 0.10572644367898944, 0.10830755869218052, 0.10894821536191425, 0.11076163418014816, 0.11048329390008912, 0.11086476562995838, 0.11119141055000008, 0.11114531426857599, 0.10993849584372227, 0.11025024289105653, 0.11105692507966068, 0.11048184067597296, 0.11147454373617346, 0.11128984537785255, 0.11169118825692065, 0.1110724771952559, 0.11208439108159522, 0.11261529317470732, 0.11204743637847173, 0.1124459031700649, 0.11322846682961295, 0.11356257323693607, 0.11415148460515084, 0.11531023290464308, 0.11618778175725399, 0.11710487253985997, 0.11761811223409682, 0.11764418319345572, 0.11758344446571022, 0.1179817989219803, 0.11785208731116648, 0.1194834048167396, 0.11946120422236892, 0.1198412610598715, 0.11930191484583848, 0.1208644367726838, 0.12027103177464225, 0.12125765741660792, 0.12169794606050534, 0.12262175597780643, 0.12263839646385842, 0.12407621774606209, 0.12516669361254376, 0.12411864734205304, 0.12514382457415096, 0.12616474695033475, 0.1266732821130972, 0.12767949524269553, 0.12807853057406415, 0.1280477314427367, 0.1291499648001228, 0.12800096306368786, 0.1284452561857927, 0.12783864372008025, 0.1279025358207961, 0.12894199334917303, 0.12834452506846367, 0.12944451400337942, 0.12891042224076518, 0.1288492954233698, 0.12994014281021957, 0.12881074529700803, 0.1299068899827392, 0.12990855147663213, 0.1293028744106737, 0.12923630017508664, 0.1291302254530381, 0.1296813513445939, 0.130216392937176, 0.13062515641469005, 0.13115133797576908, 0.13113826825634783, 0.1311276142903975, 0.13216317530839541, 0.13266115073715054, 0.13320172127125446, 0.13252508391874104, 0.13251684631042515, 0.13316724913078148, 0.13353688823574528, 0.13362193093153452, 0.13462551788373206, 0.13474378103817358, 0.1345652054889018, 0.13460464829601423, 0.13577145013336578, 0.1350843792038443, 0.1351644749454052, 0.135044090035317, 0.13509678872091543, 0.13561990300510993, 0.13604795179605636, 0.137178517418374, 0.13759774064064514, 0.13815539410830402, 0.13759280050401923, 0.13871379627639469, 0.1387111300230016, 0.1397351793154778, 0.13920303369377715, 0.14025344321912733, 0.1403098183690259, 0.14036596356789513, 0.14080447589260536, 0.14135846906879126, 0.14139736373588932, 0.1407807732836963, 0.14183093557219206, 0.14239337707401023, 0.14184161286383892, 0.14239910023722713, 0.14286685705256388, 0.142341577894121, 0.14380519613035309, 0.1444415468929225, 0.1443598832502766, 0.14592564793314627, 0.14481198715440552, 0.14592246553973187, 0.14531926792225525, 0.14589188195968883, 0.14642117190344867, 0.14483406796056625, 0.1469217388339819, 0.145917550427852, 0.14535750503405076, 0.14633568769949235, 0.14800253957646015, 0.1463285575699283, 0.14580409753068682, 0.14744418863467937, 0.14687417096654712, 0.14677301974543666, 0.14685012503293876, 0.14837431611754198, 0.14785976268091325, 0.14727526162222276, 0.14783712284442427, 0.14779750344173578, 0.14941648827638965, 0.14785562035761118, 0.14886957343289786, 0.14992964492048957, 0.14997945880006666, 0.14883112280711305, 0.1520744639602575, 0.14874742442665556, 0.15046084488995487, 0.15269494029580744, 0.15267698173230088, 0.15321719396933434, 0.15316376664638778, 0.15259185046382537, 0.1520361749768675, 0.15367343836906208, 0.15324301724566083, 0.1531544122184929, 0.15364202619637643, 0.155860075238501, 0.15531997805311745, 0.1547260198144449, 0.15429184897847203, 0.1562889246213466, 0.1562607417131274, 0.15583925886251757, 0.15681491354477442, 0.15626803968953093, 0.15639445486924258, 0.15628202297432053, 0.15637588546189793, 0.15736957767193946, 0.15681462512592365, 0.15682722481926306, 0.15675693092020282, 0.15631951406743397, 0.15678621813727875, 0.15783845896408635, 0.15634745143882395, 0.15846401292098056, 0.1589744785223975, 0.15893801018791234, 0.15891316146078557, 0.16124765499688656, 0.16115610624935764, 0.16117833777179952, 0.1596166770966051, 0.1627894650797292, 0.16116110090974867, 0.1628478864395733, 0.16329433634635704, 0.16495440313732845, 0.1633752121674279, 0.1643864581812423, 0.16541667715543418, 0.16697738761706565, 0.16641427516135057, 0.1674742208915742, 0.16740547125866748, 0.1674908598611842, 0.16953114442256267, 0.16849842646925225, 0.16915471662624182, 0.16795051456477825, 0.16956950761756562, 0.1711715353821826, 0.17114801025451115, 0.1715734612584687, 0.1717560233183986, 0.17219496275539997, 0.1710786028648002, 0.1721583194796585, 0.17162936569189427, 0.17162876745213448, 0.17267718586147265, 0.1707055202524837, 0.1731610832080931, 0.17166729875065684, 0.17051049023280893, 0.17321724477972136, 0.17012491374160882, 0.1727856581455798, 0.17325554387597616, 0.17382254348095028, 0.1754208221848931, 0.1769981810815433, 0.1758180360397225, 0.1763633132770484, 0.17684046555953817, 0.17796029148896286, 0.17670095500979868, 0.17849049184938312, 0.18008658591440893, 0.1811563617180058, 0.17907522117744998, 0.1786540623070082, 0.18231162612349983, 0.18084390591358285, 0.1844737316697705, 0.18390885675263405, 0.18399546110803383, 0.18445164261652916, 0.1850411979543562, 0.1839724453057587, 0.18595639090987087, 0.18503684502340634, 0.184360758813068],