{"ran_on": "15/05/2020 09:28:27", "no_of_artists": 15, "no_of_epochs": 250, "macro_f_score": [0.06829712874636355, 0.06789267949657629, 0.06740759351284045, 0.0679716448872284, 0.0681327337391837, 0.06857639355220875, 0.0689643317505661, 0.06867794855188475, 0.0685815336388072, 0.06890702282505656, 0.06916325857226632, 0.06788042877755418, 0.06719901668223646, 0.06756217937374963, 0.06748109919876827, 0.06739662955168196, 0.0676510122468233, 0.06784190354470226, 0.06850307702518797, 0.06852638668666344, 0.06819705436815225, 0.06752559725565525, 0.06789298963902864, 0.0682636874159631, 0.06818885473244472, 0.06819186876741376, 0.06816353538072192, 0.06917300335467313, 0.06943308642446791, 0.070325816329693, 0.07116743061532647, 0.07157074280837517, 0.07223522440043581, 0.07188636771409304, 0.07157497468788518, 0.07239474035663919, 0.07271123970239264, 0.07360467873810854, 0.07357285704776846, 0.07323944829649036, 0.07318822127048631, 0.07354207543951595, 0.07396179058833625, 0.07396703086484682, 0.07391911296125944, 0.07389760411456138, 0.07424299365536806, 0.07423578693679614, 0.07424689840261868, 0.07456495454512505, 0.07530384930911758, 0.07600205251068706, 0.07601403447987339, 0.07560484326853309, 0.07592226951628506, 0.07559931458928927, 0.075174821826346, 0.07553571285653052, 0.07552204834945143, 0.07517952462568667, 0.07516970299416356, 0.07551799698520138, 0.07515492027088667, 0.07480436938879911, 0.07546504319166301, 0.07544645555451394, 0.0758196408755355, 0.07653265786301595, 0.07652011277204199, 0.07688409937598703, 0.0765269901461607, 0.07689440282090788, 0.07686405517399736, 0.07725824019054903, 0.07760911762511014, 0.07723471740402503, 0.07794639403355988, 0.07789117424916941, 0.07792380952978853, 0.07752189386068874, 0.077923397878672, 0.07718524307872034, 0.07792320941564454, 0.07716574512626855, 0.07826224523852741, 0.0785922380544792, 0.07933581563857132, 0.07895927445999004, 0.07895771901355897, 0.07967685655253326, 0.08016019857276589, 0.07982140709568342, 0.07947155379311334, 0.07986360100521016, 0.079887371869751, 0.0802467047391485, 0.08025359954458326, 0.08135305486473343, 0.08062043668027152, 0.08135842747648027, 0.08170836873092914, 0.08195699775854354, 0.08342790230750703, 0.08205188961898308, 0.08309985358718286, 0.08343665838386406, 0.08203402923683005, 0.08272173114572255, 0.08306828533271017, 0.08341551617457037, 0.08273947404396749, 0.08414751327237192, 0.08377241870186304, 0.08414638142988458, 0.08412716749780196, 0.08411717924607594, 0.08483254360757095, 0.08443808227399324, 0.08447750126308734, 0.0844583660637231, 0.08521087487938017, 0.08520293572151923, 0.08598154511837656, 0.08590681335444557, 0.08703462567065066, 0.08664354438530447, 0.08662053299680314, 0.08731743271984112, 0.08698792959785312, 0.08763724892651784, 0.08802304619681557, 0.0873285887678847, 0.08833059663523468, 0.08837853632179225, 0.08910514273484738, 0.08976241582295151, 0.0887189605010584, 0.0901912155570896, 0.08985691001811406, 0.09018800095368633, 0.09131804238396132, 0.09130547979468963, 0.09200346161677256, 0.09166321738471517, 0.09198941147972889, 0.09167614138186286, 0.09308631058221933, 0.09267544949939717, 0.0934258365282822, 0.09349024342518633, 0.09413256343667892, 0.09337034631441007, 0.09381409736654313, 0.09456305761993845, 0.09487736793369757, 0.09501448063171687, 0.09458346360574518, 0.09537796745669014, 0.0967714812539581, 0.09569129988635988, 0.09674771627008492, 0.0964688208352357, 0.0974826231178634, 0.0979113378200968, 0.09823267034153878, 0.09752850470826518, 0.0982263793111409, 0.09826853448515947, 0.09830426064945097, 0.09788606620796779, 0.09867225834055283, 0.09897851512761405, 0.09965564735186244, 0.09829901534684675, 0.09968060583206799, 0.0982847502453626, 0.09931947695425868, 0.09869730784941937, 0.0989549026193618, 0.09760624869520582, 0.09971627169343274, 0.09828604183014646, 0.09973359843654662, 0.09895526669332037, 0.09904533323504645, 0.10117221216570088, 0.10011719147151645, 0.10080166634902492, 0.1000734788937632, 0.10005370886750804, 0.10253990290441485, 0.10103162518721688, 0.10186752694006086, 0.10145087641216585, 0.10222134855974616, 0.10218891428862431, 0.10253499292099304, 0.10224305967234427, 0.10287074238698664, 0.10182791285018085, 0.10288338766576272, 0.10288471535891283, 0.10217515998744475, 0.10400509069301557, 0.1031980576320787, 0.10325392458112455, 0.10358175404477599, 0.10398653185041908, 0.1032879786254578, 0.10253584586967569, 0.10395478172158026, 0.10401981538082211, 0.10297945340254842, 0.10397896754969323, 0.10549022056186286, 0.10443754839706243, 0.10474529544803074, 0.10486741075189533, 0.10507190467842338, 0.10484077691286699, 0.10585539210709254, 0.10481923725927225, 0.10554540409501953, 0.10657921639387587, 0.10622177965179037, 0.10661715841221883, 0.10622222385015073, 0.10695496134935908, 0.1073128764233542, 0.10632349335625146, 0.10693012936223241, 0.1080601215715238, 0.10769137206617445, 0.10847611897765698, 0.10883567976147289, 0.10882282370138138, 0.10914454236599459, 0.10879799650940794, 0.1098172061690801, 0.10985237513968617, 0.1087745878547611, 0.10915613990450203, 0.11140422150228514, 0.11057370139352307, 0.11200274493856813, 0.11234715753613264, 0.11162443832897632, 0.1127115398734193, 0.11275275217959681, 0.111639861552681],