{"ran_on": "01/07/2020 15:57:06", "no_of_artists": 200, "no_of_epochs": 200, "macro_f_score": [4.4233807266982626e-05, 4.557291666666667e-05, 0.013025166562213624, 0.010396117104470281, 0.01698531742656615, 0.008324962322803692, 0.004789115773803735, 0.005641944016862035, 0.007609013991083416, 0.01892128560936148, 0.00872824065691117, 0.01905681347968587, 0.01148960009303723, 0.012129975983272777, 0.013326710470448417, 0.01819506442043466, 0.013993609553453289, 0.017084927357939556, 0.019495775830346753, 0.020728770367953248, 0.024916863179812752, 0.008209503166757226, 0.012359664773663853, 0.017030528606345213, 0.015816085695372812, 0.019509617977679503, 0.025913125086269632, 0.01689070493810809, 0.024653763811369838, 0.020570378600047273, 0.011574256246731677, 0.02366664198791474, 0.015599028473637451, 0.03134603667303124, 0.02379225327139841, 0.025939510950906727, 0.013072734159530778, 0.020742540569418766, 0.008947964964212053, 0.03132330447552211, 0.025649675198928183, 0.023967026964055397, 0.03504690929771769, 0.022602689495000015, 0.019403978616079016, 0.0230945315972334, 0.01566722031715181, 0.015243700195904115, 0.022451868547635093, 0.028280226510554517, 0.021807317148708164, 0.027473954864358153, 0.03169963637429982, 0.027875578590810777, 0.026342735900519745, 0.028068246287892337, 0.026115243466774244, 0.027898419601619064, 0.02633739263828991, 0.015195200532062107, 0.02158746649249252, 0.017848801760429838, 0.026266899165431522, 0.02379427074790539, 0.021946334813269158, 0.025867101743629106, 0.01919206628509932, 0.028892629388766355, 0.023887699703722533, 0.030618636164395713, 0.0347735888746417, 0.025587910217793053, 0.02173302394252041, 0.021658874808750575, 0.03749746862527708, 0.026115917724606575, 0.018429633281252585, 0.03170821940747565, 0.015990784119042, 0.02532386959853006, 0.025122797053802538, 0.03395259121366331, 0.02755429196730933, 0.022302209958848497, 0.023375811473959927, 0.020198699489059013, 0.03241368320011781, 0.026885927243654097, 0.026433985817536778, 0.021281459870382904, 0.022178136233722116, 0.03870646190178125, 0.03696734778549898, 0.03073603336164655, 0.03241671965717536, 0.035057927865918395, 0.028176335213845133, 0.027102698098767503, 0.04224413661938628, 0.02493089984686891, 0.03418516587039057, 0.03804708131271347, 0.036574852791974345, 0.03066538111057564, 0.016345650780200224, 0.034034921217178334, 0.020655927138040004, 0.023585709991818037, 0.029479258310299274, 0.03664156045416274, 0.03377789296884589, 0.03461330557816045, 0.03286197472797394, 0.034293683479270094, 0.03023572772834421, 0.03276125295177524, 0.029028707474402785, 0.029946534095235258, 0.027251601727105904, 0.03184961788418251, 0.03231592450044299, 0.02820090060583932, 0.025999262162839713, 0.03313230393409278, 0.03395810239314674, 0.03998550820579951, 0.024239838947590707, 0.043185654808616615, 0.034316979257532805, 0.036007887679137894, 0.030397442746772984, 0.03575602155951557, 0.026760822725617476, 0.03842356987237379, 0.03148702852650893, 0.03105570261480656, 0.03461712688612575, 0.027570382288713405, 0.03314139281349536, 0.034037285832802945, 0.03643304778334029, 0.025826149172581837, 0.03657485895888462, 0.03640682654359629, 0.03682026427737994, 0.029282403145500256, 0.031456991856474076, 0.02591824368437165, 0.04152522017608787, 0.02985814153358676, 0.036437340916484234, 0.027756628110818967, 0.030073195837172707, 0.037461154458560054, 0.02593490979285239, 0.023103599314960598, 0.030986972845139682, 0.03213085693643419, 0.01995224058115954, 0.03347721505406696, 0.03222784638829665, 0.027058808822783883, 0.037038991517053095, 0.03533626713143071, 0.0370047661503525, 0.03938345178133254, 0.02978666958679098, 0.034638034807908384, 0.030507012302873032, 0.03340273796489374, 0.02458867093753181, 0.03535199304646376, 0.0356487884302688, 0.034212090082561854, 0.03213532259732442, 0.020585858703796842, 0.03147465319575051, 0.032053559614487914, 0.036131038940534495, 0.031402920668887335, 0.039183971989827815, 0.032514056329327426, 0.036315017771619634, 0.043023401055138834, 0.04493083292196361, 0.03598962783675363, 0.03229922973627356, 0.03757471157256529, 0.028504597229061707, 0.033677910163488964, 0.03750802686528395, 0.037775217531232794, 0.03219048355788256, 0.03537310792660603, 0.0390678852430665, 0.03294487762385236, 0.027980694114674663, 0.036516728222744634, 0.03624095709764533, 0.037503449747078185],