{"ran_on": "13/07/2020 06:05:22", "no_of_artists": 200, "no_of_epochs": 1, "macro_f_score": [0.004362289209305488], "micro_f_score": [0.005712472231037767]}