{"ran_on": "15/05/2020 17:51:09", "no_of_artists": 20, "no_of_epochs": 250, "macro_f_score": [0.0458515865728336, 0.04634556778014122, 0.0470273516806656, 0.047194543363886544, 0.04761548611173655, 0.047393799468687145, 0.04699157931283258, 0.04661231661044007, 0.046166135367488786, 0.04581942028367991, 0.04605080969301319, 0.04586740137835706, 0.04638472251732371, 0.04708607557641132, 0.04760046737032932, 0.047329558986548094, 0.04700141214779719, 0.04779858466147736, 0.04808695359290853, 0.04844539744954314, 0.048147573879239576, 0.04840942445043063, 0.04829592749253496, 0.04848567151889871, 0.04866456836308305, 0.048336466328822374, 0.04925341774118886, 0.04940955837288062, 0.04883531366815121, 0.04878728704897937, 0.04850654115994491, 0.048451723433420316, 0.04860975264955706, 0.04856546784361719, 0.04918948289146306, 0.04915840413750971, 0.04861918704453758, 0.0489050517220891, 0.048654262925701144, 0.048094024871435125, 0.04806805952180793, 0.047813476593887155, 0.04836319314057516, 0.04808576785640427, 0.04784962083503349, 0.047807357389629795, 0.048172390295410115, 0.04789743211998546, 0.04761943114800971, 0.04762391455065098, 0.04789353308362579, 0.0478684775347527, 0.04811605890915132, 0.04808898699052833, 0.0486200902673283, 0.048405628303005856, 0.04926993997457398, 0.04927380518048768, 0.04925193533523939, 0.04923702567844332, 0.04922339840906022, 0.0495243439370301, 0.04974848593547808, 0.04950349592615448, 0.04981367187585264, 0.049801725835580034, 0.04984270821400917, 0.049791250183117954, 0.050096560456790604, 0.050335711654404085, 0.050310184762339866, 0.049992590842468244, 0.049995561136808926, 0.05024420385452401, 0.04997205920904016, 0.05020907973363045, 0.05019351250506691, 0.050181007081040764, 0.05017690818621207, 0.04992178078656704, 0.04991623975391106, 0.04990947114995218, 0.04991118003085029, 0.0499056639433275, 0.05021787541357571, 0.05082832751635377, 0.05107322659056945, 0.05107063667298942, 0.05105734951564609, 0.05103419017429261, 0.05103390237484329, 0.0512861170805562, 0.05188965909236451, 0.052170824799508624, 0.05272690299705067, 0.052437799134528215, 0.05242565767605938, 0.05241445290597584, 0.0524133557918184, 0.05269853717491774, 0.05296879986892733, 0.05296177157318144, 0.053016478871062894, 0.05353825909489387, 0.05327836050222004, 0.05352098694528456, 0.05326824108065912, 0.05378359124330454, 0.05378856054860248, 0.05456051276606014, 0.054340208495821475, 0.05459620432062114, 0.05487334837612381, 0.055931813221235985, 0.05543361736083252, 0.05593888108309942, 0.056231619643728734, 0.05700347072350759, 0.057816833801432856, 0.05808893675277947, 0.057825157091733255, 0.0586504716526284, 0.05863165547770613, 0.05918764043576526, 0.0594325344571719, 0.05944246757417091, 0.05945959471104755, 0.059737526682706384, 0.059717309124187413, 0.05974299506265703, 0.05998803920222161, 0.06024859853439815, 0.0602475572871691, 0.060507855434582716, 0.06076057205096863, 0.06049999695947705, 0.0604914467196789, 0.06048510853886968, 0.06048377911733156, 0.06047904541054491, 0.06073507394276244, 0.061008005357017114, 0.06101353723646482, 0.06076023706162848, 0.06074961750105648, 0.06074860697322421, 0.06076306114511762, 0.06073958745879554, 0.06076670797759111, 0.06076896542292697, 0.06075630502209465, 0.06075818650541574, 0.06076233924958117, 0.06106974130290958, 0.06106580674885301, 0.06106842233968094, 0.06134966702533526, 0.06108095948022264, 0.06134527726417946, 0.06190189473086384, 0.06165604817474864, 0.06220961829194895, 0.062456747168856366, 0.06270461500335855, 0.06247733551424111, 0.06298867253616575, 0.06404670978733025, 0.06352296260172606, 0.06380694024550278, 0.06404228227344719, 0.06405869590215267, 0.06407689111362022, 0.06435250746870232, 0.06407754304713309, 0.06380778459322732, 0.06434820977601617, 0.06356318979972103, 0.06433974821002734, 0.06409815361604385, 0.06513931659297106, 0.06491120011370795, 0.06541476074065007, 0.06516143704330248, 0.06515384647970712, 0.06515657929717028, 0.06596226125846931, 0.06567607474045503, 0.06595583687792222, 0.06567629956957198, 0.066198316811246, 0.06567588528685261, 0.06621884308830989, 0.06623261445894664, 0.06594159621729853, 0.06592922934934914, 0.06596183849482305, 0.0651225361747345, 0.065405457953625, 0.06592374900325294, 0.06566628527954918, 0.06594317948953395, 0.06594500628161445, 0.06567221449680079, 0.06700553253368081, 0.06649117160899023, 0.0666966595252095, 0.06748890877793796, 0.06775085822105864, 0.06723194100179214, 0.06749301780284213, 0.0677512284455692, 0.06698058000931464, 0.0677366058280999, 0.06749208020827074, 0.0677541258414506, 0.06720569997050266, 0.06803832247642162, 0.06752000358614893, 0.06879401867822851, 0.06905991326316989, 0.0699734856663099, 0.0697161939614255, 0.06998802212179825, 0.07050004806415036, 0.06999491035791004, 0.07051399513117833, 0.06973286975649257, 0.0699779190270289, 0.07052604064532887, 0.07048197390761488, 0.07022905635452223, 0.07104801078886895, 0.07106686276214191, 0.07131212799572594, 0.07072547371374463, 0.07156672768072182, 0.07161078196464078, 0.07133102597701656, 0.07188002810839815, 0.07164477249815884, 0.07212374504726232, 0.07239141467295418, 0.0723867458138689, 0.0723889155499292, 0.07266378869267788, 0.0729839963431059, 0.07402716964315971, 0.07320378439001628, 0.07375354500003314, 0.07407604980666785],