{"ran_on": "18/06/2020 11:14:44", "no_of_artists": 20, "no_of_epochs": 10, "macro_f_score": [0.02271422419979905, 0.03027892891228815, 0.07374175602586135, 0.06357971430121567, 0.07193654610653695, 0.06383057372234659, 0.128665928889791, 0.08608515616969441, 0.0653076712438331, 0.056383058173554955], "micro_f_score": [0.04043126684636118, 0.04851752021563342, 0.07008086253369272, 0.05660377358490566, 0.10781671159029652, 0.04851752021563342, 0.14824797843665768, 0.11320754716981132, 0.05121293800539083, 0.09164420485175202]}