{"ran_on": "06/06/2020 10:06:50", "no_of_artists": 20, "no_of_epochs": 100, "macro_f_score": [0.10190923225796085, 0.13077808893376128, 0.1352623256295329, 0.137300108815149, 0.1577529354674597, 0.12498060510049191, 0.16708820366177116, 0.1645132218368921, 0.1678474397853943, 0.16412220767214708, 0.16930440878987005, 0.11851880231754647, 0.1775765156931977, 0.15792271348599715, 0.1603874464185319, 0.15695909198595398, 0.12220030195104097, 0.16124680537577107, 0.16355900321151992, 0.14739075822638242, 0.15532304727939283, 0.1346173902688556, 0.1514587882738854, 0.15319830269170706, 0.1432786130353435, 0.1538016405129187, 0.13818440284617506, 0.1755579015860585, 0.1436782904184941, 0.16432912434935534, 0.12552463865562913, 0.16830300266456888, 0.1149155720616294, 0.15110291723295446, 0.1383694674052246, 0.1610825630840371, 0.15650357802790302, 0.15676880711647706, 0.1512257781547222, 0.15777653084778884, 0.1512780574892049, 0.14587551853685507, 0.16188030511206175, 0.197412413169582, 0.14113592918262344, 0.14772705493768137, 0.12604653484341208, 0.1632493074606552, 0.15616719037027604, 0.1492110451374986, 0.15245623244555082, 0.15928885468914572, 0.15240664460145203, 0.15798012252549115, 0.13282328071866376, 0.1286821983579939, 0.15455425387839913, 0.16675029579964953, 0.1368426501460386, 0.14337965162570382, 0.17822217279554065, 0.15441459284317358, 0.16330896848182277, 0.14602391864058073, 0.1917478511484752, 0.15652071280116875, 0.15852106637905522, 0.1283598915327276, 0.16785865958633783, 0.13557680505441394, 0.15076041001455104, 0.16276648494691057, 0.1529116758719762, 0.1585130527178296, 0.1587715460359391, 0.14304804379826944, 0.13619773745320413, 0.1551685950307684, 0.1369112843525095, 0.16752336082367356, 0.1243210555277426, 0.1916791688219685, 0.15100439440543664, 0.14125233309932936, 0.16051351043821796, 0.16564101374292117, 0.10990848489238493, 0.14585398250891862, 0.1542617974905221, 0.15224102966209352, 0.11790816708836556, 0.1551388700870656, 0.16925622591752829, 0.15960853639321412, 0.16762399240863016, 0.12497162756335028, 0.13885052169263523, 0.1396926018395566, 0.12001314929784955, 0.14489918943990931], "micro_f_score": [0.10242587601078167, 0.1293800539083558, 0.1347708894878706, 0.14285714285714285, 0.16172506738544473, 0.12668463611859837, 0.16442048517520216, 0.1725067385444744, 0.16442048517520216, 0.14555256064690028, 0.1752021563342318, 0.12129380053908356, 0.16442048517520216, 0.15902964959568733, 0.1509433962264151, 0.1347708894878706, 0.1347708894878706, 0.1509433962264151, 0.16981132075471697, 0.14555256064690028, 0.15363881401617252, 0.1347708894878706, 0.16711590296495957, 0.16442048517520216, 0.15363881401617252, 0.15902964959568733, 0.14016172506738545, 0.18059299191374664, 0.15902964959568733, 0.15902964959568733, 0.12129380053908356, 0.15902964959568733, 0.14555256064690028, 0.15633423180592992, 0.14016172506738545, 0.15902964959568733, 0.16442048517520216, 0.16172506738544473, 0.16981132075471697, 0.1509433962264151, 0.14285714285714285, 0.1509433962264151, 0.1752021563342318, 0.19946091644204852, 0.14555256064690028, 0.14824797843665768, 0.1509433962264151, 0.16711590296495957, 0.1509433962264151, 0.15363881401617252, 0.15363881401617252, 0.16172506738544473, 0.1509433962264151, 0.15633423180592992, 0.14555256064690028, 0.14555256064690028, 0.15902964959568733, 0.16172506738544473, 0.15633423180592992, 0.15902964959568733, 0.15902964959568733, 0.15363881401617252, 0.14285714285714285, 0.14824797843665768, 0.18059299191374664, 0.16981132075471697, 0.1725067385444744, 0.14016172506738545, 0.16172506738544473, 0.13746630727762804, 0.15363881401617252, 0.15633423180592992, 0.15902964959568733, 0.15363881401617252, 0.1509433962264151, 0.14824797843665768, 0.14016172506738545, 0.15633423180592992, 0.1509433962264151, 0.14824797843665768, 0.14555256064690028, 0.15902964959568733, 0.1509433962264151, 0.14824797843665768, 0.16442048517520216, 0.1752021563342318, 0.11859838274932614, 0.13746630727762804, 0.14824797843665768, 0.16172506738544473, 0.1320754716981132, 0.14824797843665768, 0.1725067385444744, 0.1509433962264151, 0.15363881401617252, 0.13746630727762804, 0.1320754716981132, 0.14824797843665768, 0.13746630727762804, 0.14285714285714285]}