{"ran_on": "06/06/2020 11:17:00", "no_of_artists": 20, "no_of_epochs": 10, "macro_f_score": [0.10190923225796085, 0.13077808893376128, 0.1352623256295329, 0.137300108815149, 0.1577529354674597, 0.12498060510049191, 0.16708820366177116, 0.1645132218368921, 0.1678474397853943, 0.16412220767214708], "micro_f_score": [0.10242587601078167, 0.1293800539083558, 0.1347708894878706, 0.14285714285714285, 0.16172506738544473, 0.12668463611859837, 0.16442048517520216, 0.1725067385444744, 0.16442048517520216, 0.14555256064690028]}