{"ran_on": "22/06/2020 13:57:42", "no_of_artists": 20, "no_of_epochs": 1, "macro_f_score": [0.04537354603939451], "micro_f_score": [0.09703504043126684]}