{"ran_on": "22/06/2020 14:12:44", "no_of_artists": 20, "no_of_epochs": 400, "macro_f_score": [0.04537354603939451, 0.05703264144138393, 0.03742261249683682, 0.08251897917390684, 0.05449521508928545, 0.041992471361876615, 0.05511556253614581, 0.12427721625425338, 0.08695179408217775, 0.059814625872212236, 0.07546169171493963, 0.0972094792473741, 0.10442965069132934, 0.07304244009538519, 0.08049891726154129, 0.05375892871510032, 0.0998063880956034, 0.10748844493111893, 0.1284233676950489, 0.08203550870537364, 0.14205095497339124, 0.13955656356029955, 0.08896878595122905, 0.14745127439791617, 0.0943571821797707, 0.0899703185068411, 0.07848964409865127, 0.14278624410376214, 0.13605565374521594, 0.10040064984319623, 0.08865177352758226, 0.07841495019333808, 0.16645685828390577, 0.14825598860015687, 0.16227173053350907, 0.14097523237133647, 0.18076074426454505, 0.09022703035628742, 0.16221046963627486, 0.14978774022269278, 0.163275452122922, 0.14004309641634577, 0.14101912690907356, 0.16031546557378984, 0.1737483265862755, 0.06613247520231388, 0.11058694873938758, 0.09467226054406495, 0.09829513603271042, 0.15372803112020456, 0.1689991300866298, 0.1920977749377119, 0.15639843705020884, 0.2038789336241422, 0.15783900049432362, 0.21140683289326137, 0.18287692613930448, 0.20600610431364186, 0.18485003457484356, 0.12217587052325889, 0.1659623478516349, 0.15505619627745068, 0.16800931200680355, 0.153370406447597, 0.1370422104624976, 0.17749704023675883, 0.16830686614185805, 0.1801423019115705, 0.18022946380606075, 0.16244838612951665, 0.15346038188971722, 0.1767943215401637, 0.1145183236597767, 0.1862124933259339, 0.16636289115643813, 0.15293101534704878, 0.16052893835584622, 0.1823461672253257, 0.13592469882588132, 0.18547129005449148, 0.17869392942780932, 0.16054272209463116, 0.13977684499828913, 0.13292331464349907, 0.1601055078145119, 0.128471090974714, 0.1777490951623892, 0.1534480880249466, 0.16562030571683284, 0.20000944265564233, 0.14814933250110618, 0.13628677505324224, 0.14524827540681978, 0.16539839749919072, 0.16403188423197765, 0.1408995670441405, 0.1832027722086126, 0.08632832674393293, 0.16569292546457015, 0.13660093775514273, 0.15352384902364147, 0.17503494736839006, 0.1531329045081902, 0.16570511150344056, 0.11521690889248198, 0.1609887656168379, 0.17747168986704565, 0.18975140317743944, 0.16706526816623563, 0.20381782363418174, 0.22173622685063962, 0.17403174713678568, 0.17621291639888412, 0.18931561715026365, 0.1549324181098592, 0.14551554141897466, 0.16167986742914559, 0.18125790190945865, 0.18321471797303368, 0.14675646105155998, 0.16501426375453584, 0.1767983204789031, 0.1379135131097688, 0.14978368568285919, 0.17153056722461413, 0.15865245016876472, 0.13549477253709374, 0.17799659111005647, 0.1862220692995477, 0.13629553157517238, 0.1956914134270772, 0.1402017741701812, 0.18837330442536995, 0.10867041234135451, 0.15288477856397156, 0.1891747274147254, 0.14199782235106045, 0.18210559731642434, 0.1803414617733332, 0.17104633649988477, 0.11608560239216258, 0.15052589180780424, 0.19548468168009303, 0.18299814634306666, 0.1726268318410319, 0.14401282603468568, 0.18110284095112997, 0.16006142835400994, 0.19339236251201322, 0.18613049797534667, 0.208465218539228, 0.1925992032011776, 0.1665811199511465, 0.20108870674472965, 0.14745893436484178, 0.20828867170469653, 0.13751204536404127, 0.16185961754181408, 0.20296980269030282, 0.13877575410297102, 0.1832689318120843, 0.18232680105805563, 0.2425873762315073, 0.1877937160272712, 0.18041073321709894, 0.2081436905436781, 0.1658769656380332, 0.17212078609458512, 0.1410153276547113, 0.1547163405274441, 0.14908595756730686, 0.17690568339653673, 0.15241301272956181, 0.18863517953477255, 0.19085300927746393, 0.20715676016950296, 0.17404452905617618, 0.17215791839145272, 0.16383154111465292, 0.12405795001445204, 0.1615559449845119, 0.16458048370779815, 0.19671424664936818, 0.19496918126806279, 0.11738505647493576, 0.15967687497640107, 0.17719561400542808, 0.12487023804041579, 0.19060958512632084, 0.16857749088962948, 0.16286612211263796, 0.18785628939325905, 0.149496521685005, 0.1763703703898414, 0.18096599336093563, 0.15230977422932343, 0.15470870236746692, 0.17912501574983028, 0.1362349524150094, 0.1907769688044535, 0.21798458184275368, 0.19670558638195748, 0.2097383616516674, 0.16647893654916815, 0.21113814164770164, 0.2082732118092187, 0.21234310201117276, 0.1716109444804971, 0.1398553372428051, 0.1764282510458233, 0.14893658153329006, 0.2202700417047085, 0.17831559334947583, 0.19348262061493154, 0.1785633426603324, 0.20304047846917622, 0.18184567996084924, 0.19370694032998895, 0.18945330017102252, 0.18940049003315093, 0.13613877691568205, 0.15751069762005304, 0.15627222302174193, 0.19098921949503056, 0.1905278318450896, 0.2019438183864238, 0.2068098309887668, 0.1160597141350836, 0.17567734393801407, 0.16557525225958405, 0.16600705571864718, 0.1844725200384498, 0.1748444949204667, 0.20852323029202885, 0.17623760129462177, 0.17541433175819715, 0.15619882678884367, 0.1984591635212713, 0.1830546595810821, 0.1897840854984134, 0.15533487076049385, 0.16469154058195268, 0.18090276903000566, 0.1507878633891318, 0.13973923535658087, 0.17544590493204318, 0.16755425652374462, 0.1920536778929912, 0.1737132378025369, 0.1735588001414246, 0.16906838442225275, 0.16768747550194157, 0.19463386540500133, 0.18488346974753306, 0.19426644986925123, 0.18157963124233106, 0.17698667411091623, 0.1615928517899901, 0.15474857000359496, 0.14582784805414875, 0.1851360411977546, 0.17926979612285435, 0.18173508201673547, 0.16092044861242355, 0.19939003916910736, 0.20143462642805157, 0.1836605838394344, 0.18834183547528754, 0.16309924542350965, 0.15018631400149532, 0.19524265858465079, 0.188496863399176, 0.21931300183796285, 0.16751466973099446, 0.16288811437061992, 0.16509762955689175, 0.17155937600338825, 0.1977573861578311, 0.1780933919255738, 0.20061043604974313, 0.20107532476322668, 0.18572976163634353, 0.17365358483116286, 0.19005159856837112, 0.2116868334050121, 0.17917182468858822, 0.17056029915488713, 0.24008986192527168, 0.1548875350778674, 0.13787094136309908, 0.12808102049572734, 0.2223769118213934, 0.17228145421801097, 0.18990581010116483, 0.17689930178892563, 0.1598876070140202, 0.1632641084118127, 0.1487454431938977, 0.18313740743205303, 0.19222410747717958, 0.18406669566026648, 0.17024383834639362, 0.17416872368123731, 0.19391473577258142, 0.18002988194369893, 0.2013254058809935, 0.17700137834156512, 0.18478742767449538, 0.18590183828919077, 0.16053775745996723, 0.18735474815931563, 0.1464894717395609, 0.16747907855752447, 0.15856053667651696, 0.173645928260383, 0.15008723843480087, 0.15744370455130444, 0.17314437813412248, 0.15987626756785384, 0.21275444501352725, 0.14614835930477119, 0.18848630647541856, 0.14803976092034477, 0.16894424075087963, 0.17613693265537256, 0.2057491027006326, 0.14511155766395062, 0.1782710739215479, 0.1873388294790675, 0.17945978156614936, 0.15794925697396164, 0.18149233959831876, 0.17409518086285586, 0.19455704825071465, 0.1350966352027103, 0.15944530248507985, 0.16509265815083582, 0.15680620605839626, 0.18773970507372031, 0.19895779796767116, 0.18411996162296898, 0.12314115162379033, 0.16058204539607682, 0.1557097256053726, 0.16290858167333158, 0.1633847915421237, 0.1529269345698823, 0.17668689434390647, 0.16083314338248678, 0.17788017323478406, 0.17236658006898187, 0.1872090367762903, 0.17527618744023932, 0.18175000011729212, 0.20230288848264244, 0.1530320080240778, 0.182007155560376, 0.14102972106625697, 0.1271948067863992, 0.1838137718188093, 0.19079468567463453, 0.19079248937033133, 0.17381405646799555, 0.18213314944142986, 0.19514690791606, 0.14281141704736197, 0.1533472148328183, 0.13768582016825512, 0.20501361059991008, 0.1762628399960382, 0.19436260220958443, 0.22891744032997544, 0.17839771802074772, 0.15200040702099787, 0.19199959696771934, 0.18293417392822686, 0.18262686174731316, 0.1763258966895873, 0.19687744573779528, 0.14995318058391874, 0.16249167332737488, 