{"ran_on": "23/05/2020 14:22:41", "no_of_artists": 2, "no_of_epochs": 100, "macro_f_score": [0.20833333333333331, 0.20833333333333331, 0.20833333333333331, 0.20833333333333331, 0.20833333333333331, 0.20833333333333331, 0.2322074788902292, 0.2322074788902292, 0.2322074788902292, 0.2322074788902292, 0.2322074788902292, 0.2322074788902292, 0.2322074788902292, 0.2322074788902292, 0.2322074788902292, 0.25555761393108556, 0.25555761393108556, 0.25555761393108556, 0.25555761393108556, 0.25555761393108556, 0.25555761393108556, 0.25555761393108556, 0.25555761393108556, 0.25555761393108556, 0.25555761393108556, 0.25555761393108556, 0.25555761393108556, 0.25555761393108556, 0.25555761393108556, 0.25555761393108556, 0.25555761393108556, 0.25555761393108556, 0.25555761393108556, 0.25555761393108556, 0.25555761393108556, 0.25555761393108556, 0.25555761393108556, 0.25555761393108556, 0.25555761393108556, 0.25555761393108556, 0.25555761393108556, 0.25555761393108556, 0.25555761393108556, 0.25555761393108556, 0.25555761393108556, 0.28520958655590567, 0.28520958655590567, 0.28520958655590567, 0.28520958655590567, 0.28520958655590567, 0.28520958655590567, 0.28520958655590567, 0.28520958655590567, 0.28520958655590567, 0.28520958655590567, 0.28520958655590567, 0.28520958655590567, 0.28520958655590567, 0.28520958655590567, 0.28520958655590567, 0.28520958655590567, 0.28520958655590567, 0.28520958655590567, 0.28520958655590567, 0.28520958655590567, 0.28520958655590567, 0.28520958655590567, 0.28520958655590567, 0.28520958655590567, 0.28520958655590567, 0.3089497343686146, 0.3089497343686146, 0.3089497343686146, 0.3089497343686146, 0.3089497343686146, 0.3089497343686146, 0.3089497343686146, 0.3089497343686146, 0.3089497343686146, 0.3089497343686146, 0.3089497343686146, 0.3325101386114642, 0.3325101386114642, 0.3325101386114642, 0.3325101386114642, 0.3325101386114642, 0.3325101386114642, 0.3325101386114642, 0.3325101386114642, 0.3325101386114642, 0.3325101386114642, 0.3325101386114642, 0.3325101386114642, 0.3325101386114642, 0.3325101386114642, 0.3325101386114642, 0.3325101386114642, 0.3325101386114642, 0.3325101386114642, 0.3325101386114642], "micro_f_score": [0.21052631578947367, 0.21052631578947367, 0.21052631578947367, 0.21052631578947367, 0.21052631578947367, 0.21052631578947367, 0.23684210526315788, 0.23684210526315788, 0.23684210526315788, 0.23684210526315788, 0.23684210526315788, 0.23684210526315788, 0.23684210526315788, 0.23684210526315788, 0.23684210526315788, 0.2631578947368421, 0.2631578947368421, 0.2631578947368421, 0.2631578947368421, 0.2631578947368421, 0.2631578947368421, 0.2631578947368421, 0.2631578947368421, 0.2631578947368421, 0.2631578947368421, 0.2631578947368421, 0.2631578947368421, 0.2631578947368421, 0.2631578947368421, 0.2631578947368421, 0.2631578947368421, 0.2631578947368421, 0.2631578947368421, 0.2631578947368421, 0.2631578947368421, 0.2631578947368421, 0.2631578947368421, 0.2631578947368421, 0.2631578947368421, 0.2631578947368421, 0.2631578947368421, 0.2631578947368421, 0.2631578947368421, 0.2631578947368421, 0.2631578947368421, 0.2894736842105263, 0.2894736842105263, 0.2894736842105263, 0.2894736842105263, 0.2894736842105263, 0.2894736842105263, 0.2894736842105263, 0.2894736842105263, 0.2894736842105263, 0.2894736842105263, 0.2894736842105263, 0.2894736842105263, 0.2894736842105263, 0.2894736842105263, 0.2894736842105263, 0.2894736842105263, 0.2894736842105263, 0.2894736842105263, 0.2894736842105263, 0.2894736842105263, 0.2894736842105263, 0.2894736842105263, 0.2894736842105263, 0.2894736842105263, 0.2894736842105263, 0.3157894736842105, 0.3157894736842105, 0.3157894736842105, 0.3157894736842105, 0.3157894736842105, 0.3157894736842105, 0.3157894736842105, 0.3157894736842105, 0.3157894736842105, 0.3157894736842105, 0.3157894736842105, 0.34210526315789475, 0.34210526315789475, 0.34210526315789475, 0.34210526315789475, 0.34210526315789475, 0.34210526315789475, 0.34210526315789475, 0.34210526315789475, 0.34210526315789475, 0.34210526315789475, 0.34210526315789475, 0.34210526315789475, 0.34210526315789475, 0.34210526315789475, 0.34210526315789475, 0.34210526315789475, 0.34210526315789475, 0.34210526315789475, 0.34210526315789475]}