{"ran_on": "30/06/2020 22:30:13", "no_of_artists": 2, "no_of_epochs": 400, "macro_f_score": [0.3448275862068966, 0.3448275862068966, 0.6263736263736264, 0.6481481481481481, 0.6481481481481481, 0.6481481481481481, 0.7323943661971831, 0.7738095238095237, 0.7738095238095237, 0.7327219650708796, 0.7531010041346722, 0.6481481481481481, 0.6481481481481481, 0.6481481481481481, 0.6481481481481481, 0.6481481481481481, 0.7323943661971831, 0.6481481481481481, 0.6481481481481481, 0.6481481481481481, 0.6481481481481481, 0.6481481481481481, 0.6481481481481481, 0.6695652173913044, 0.6695652173913044, 0.6481481481481481, 0.6695652173913044, 0.6481481481481481, 0.6481481481481481, 0.6695652173913044, 0.6481481481481481, 0.6481481481481481, 0.6906976744186046, 0.6906976744186046, 0.6906976744186046, 0.6906976744186046, 0.6906976744186046, 0.6906976744186046, 0.7116170461179218, 0.6906976744186046, 0.6695652173913044, 0.6695652173913044, 0.6695652173913044, 0.6695652173913044, 0.6906976744186046, 0.7116170461179218, 0.7116170461179218, 0.6695652173913044, 0.6695652173913044, 0.7116170461179218, 0.7116170461179218, 0.7116170461179218, 0.6695652173913044, 0.7323943661971831, 0.6906976744186046, 0.7531010041346722, 0.6906976744186046, 0.6906976744186046, 0.6906976744186046, 0.6906976744186046, 0.6695652173913044, 0.6906976744186046, 0.6906976744186046, 0.6906976744186046, 0.6906976744186046, 0.6906976744186046, 0.6906976744186046, 0.6906976744186046, 0.6906976744186046, 0.6906976744186046, 0.7116170461179218, 0.6906976744186046, 0.6906976744186046, 0.6481481481481481, 0.6906976744186046, 0.6906976744186046, 0.7116170461179218, 0.6906976744186046, 0.6906976744186046, 0.6906976744186046, 0.6481481481481481, 0.6906976744186046, 0.6481481481481481, 0.6481481481481481, 0.6906976744186046, 0.6481481481481481, 0.6481481481481481, 0.6906976744186046, 0.6906976744186046, 0.7116170461179218, 0.6906976744186046, 0.6695652173913044, 0.6906976744186046, 0.6906976744186046, 0.6906976744186046, 0.6695652173913044, 0.6695652173913044, 0.6906976744186046, 0.6906976744186046, 0.6481481481481481, 0.6906976744186046, 0.6695652173913044, 0.6481481481481481, 0.6695652173913044, 0.6481481481481481, 0.6695652173913044, 0.6906976744186046, 0.6481481481481481, 0.6906976744186046, 0.6481481481481481, 0.6906976744186046, 0.6906976744186046, 0.6695652173913044, 0.7116170461179218, 0.6906976744186046, 0.6695652173913044, 0.6906976744186046, 0.6695652173913044, 0.6695652173913044, 0.6695652173913044, 0.6481481481481481, 0.6695652173913044, 0.6906976744186046, 0.6695652173913044, 0.6695652173913044, 0.6906976744186046, 0.6695652173913044, 0.6695652173913044, 0.6906976744186046, 0.7116170461179218, 0.6695652173913044, 0.7531010041346722, 0.7531010041346722, 0.6695652173913044, 0.6695652173913044, 0.6481481481481481, 0.6906976744186046, 0.6695652173913044, 0.7116170461179218, 0.6695652173913044, 0.6695652173913044, 0.6695652173913044, 0.6906976744186046, 0.6695652173913044, 0.7116170461179218, 0.6695652173913044, 0.6695652173913044, 0.6695652173913044, 0.6695652173913044, 0.6906976744186046, 0.6695652173913044, 0.7116170461179218, 0.6906976744186046, 0.6695652173913044, 0.7531010041346722, 0.6906976744186046, 0.7116170461179218, 0.6695652173913044, 0.6695652173913044, 0.7531010041346722, 0.7531010041346722, 0.6695652173913044, 0.6695652173913044, 0.7531010041346722, 0.7531010041346722, 0.6695652173913044, 0.7531010041346722, 0.7531010041346722, 0.6695652173913044, 0.6906976744186046, 0.6906976744186046, 0.6906976744186046, 0.6695652173913044, 0.6695652173913044, 0.6906976744186046, 0.6695652173913044, 0.6906976744186046, 0.6906976744186046, 0.6695652173913044, 0.8367096378146102, 0.6906976744186046, 0.6906976744186046, 0.7738095238095237, 0.6906976744186046, 0.6906976744186046, 0.6906976744186046, 0.6906976744186046, 0.7738095238095237, 0.6906976744186046, 0.7738095238095237, 0.6906976744186046, 0.7531010041346722, 0.6906976744186046, 0.6906976744186046, 0.7738095238095237, 0.6906976744186046, 0.7738095238095237, 0.7738095238095237, 0.6906976744186046, 0.6906976744186046, 0.6906976744186046, 0.6906976744186046, 0.6906976744186046, 0.6906976744186046, 0.6906976744186046, 0.6906976744186046, 0.6906976744186046, 0.7738095238095237, 0.6906976744186046, 0.6906976744186046, 0.6906976744186046, 0.7738095238095237, 0.6906976744186046, 0.6906976744186046, 0.6906976744186046, 0.6906976744186046, 0.6906976744186046, 0.7945945945945946, 0.6906976744186046, 0.6906976744186046, 0.6906976744186046, 0.6906976744186046, 0.6906976744186046, 0.8367096378146102, 0.6906976744186046, 0.6906976744186046, 0.6906976744186046, 0.8367096378146102, 0.7945945945945946, 0.7738095238095237, 0.6906976744186046, 0.6906976744186046, 0.6906976744186046, 0.6906976744186046, 0.7945945945945946, 0.6906976744186046, 0.6906976744186046, 0.7738095238095237, 0.6906976744186046, 0.6906976744186046, 0.6906976744186046, 0.6906976744186046, 0.7945945945945946, 0.6906976744186046, 0.6906976744186046, 0.6906976744186046, 0.6906976744186046, 0.6906976744186046, 0.6906976744186046, 0.6906976744186046, 0.6906976744186046, 0.6906976744186046, 0.8155339805825244, 0.7738095238095237, 0.6906976744186046, 0.6906976744186046, 0.6906976744186046, 0.7738095238095237, 0.8155339805825244, 0.6906976744186046, 0.6906976744186046, 0.6906976744186046, 0.6906976744186046, 0.8367096378146102, 0.6906976744186046, 0.6906976744186046, 0.8155339805825244, 0.6906976744186046, 0.7738095238095237, 0.6906976744186046, 0.6906976744186046, 0.8155339805825244, 0.8155339805825244, 0.6906976744186046, 0.6906976744186046, 0.8155339805825244, 0.6906976744186046, 0.6906976744186046, 0.8155339805825244, 0.6906976744186046, 0.8155339805825244, 0.8155339805825244, 0.6906976744186046, 0.6906976744186046, 0.7945945945945946, 0.7945945945945946, 0.6906976744186046, 0.6906976744186046, 0.6906976744186046, 0.6906976744186046, 0.6906976744186046, 0.7945945945945946, 0.6906976744186046, 0.6906976744186046, 0.7945945945945946, 0.8155339805825244, 0.8155339805825244, 0.6906976744186046, 0.6906976744186046, 0.6906976744186046, 0.6906976744186046, 0.6906976744186046, 0.6906976744186046, 0.6906976744186046, 0.6906976744186046, 0.6906976744186046, 0.8367096378146102, 0.6906976744186046, 0.6906976744186046, 0.8367096378146102, 0.6906976744186046, 0.7945945945945946, 0.6906976744186046, 0.6906976744186046, 0.6906976744186046, 0.8155339805825244, 0.8155339805825244, 0.6906976744186046, 0.8155339805825244, 0.6906976744186046, 0.8155339805825244, 0.8155339805825244, 0.6906976744186046, 0.8155339805825244, 0.6906976744186046, 0.6906976744186046, 0.6906976744186046, 0.8155339805825244, 0.7945945945945946, 0.6906976744186046, 0.6906976744186046, 0.6906976744186046, 0.6906976744186046, 0.6906976744186046, 0.6906976744186046, 0.6906976744186046, 0.8155339805825244, 0.8155339805825244, 0.6906976744186046, 0.8155339805825244, 0.6906976744186046, 0.8367096378146102, 0.7945945945945946, 0.6906976744186046, 0.7945945945945946, 0.7945945945945946, 0.7945945945945946, 0.7945945945945946, 0.6906976744186046, 0.6906976744186046, 0.6906976744186046, 0.7945945945945946, 0.6906976744186046, 0.6906976744186046, 0.6906976744186046, 0.6906976744186046, 0.6906976744186046, 0.6906976744186046, 0.6906976744186046, 0.6906976744186046, 0.7945945945945946, 0.6906976744186046, 0.7738095238095237, 0.7738095238095237, 0.6906976744186046, 0.8155339805825244, 0.7738095238095237, 0.7945945945945946, 0.7738095238095237, 0.7738095238095237, 0.7945945945945946, 0.7945945945945946, 0.6906976744186046, 0.7738095238095237, 0.7945945945945946, 0.7945945945945946, 0.7945945945945946, 0.7116170461179218, 0.7945945945945946, 0.7945945945945946, 0.6906976744186046, 0.6906976744186046, 0.7116170461179218, 0.7116170461179218, 0.8155339805825244, 0.6906976744186046, 0.6906976744186046, 0.6906976744186046, 0.6906976744186046, 0.6906976744186046, 0.6906976744186046, 0.7945945945945946, 0.7945945945945946, 0.6906976744186046, 0.6906976744186046, 