{"ran_on": "06/06/2020 10:08:07", "no_of_artists": 2, "no_of_epochs": 100, "macro_f_score": [0.7090863453815262, 0.7977763709741237, 0.7310697484148088, 0.8367096378146102, 0.7531010041346722, 0.7738095238095237, 0.7531010041346722, 0.8801261829652998, 0.7738095238095237, 0.7738095238095237, 0.7738095238095237, 0.7738095238095237, 0.7738095238095237, 0.7945945945945946, 0.7738095238095237, 0.7531010041346722, 0.7738095238095237, 0.7738095238095237, 0.7945945945945946, 0.7531010041346722, 0.7945945945945946, 0.7448872324159022, 0.7448872324159022, 0.7945945945945946, 0.8246017561582096, 0.7933233308327081, 0.7933233308327081, 0.7738095238095237, 0.7205882352941176, 0.7738095238095237, 0.77866556293377, 0.8155339805825244, 0.8152056160846803, 0.7945945945945946, 0.7557783018867925, 0.7639079914631254, 0.8155339805825244, 0.769070103321853, 0.769070103321853, 0.7557783018867925, 0.7933233308327081, 0.788888888888889, 0.77866556293377, 0.769070103321853, 0.7557783018867925, 0.8427223012959771, 0.817818468202402, 0.7557783018867925, 0.7945945945945946, 0.7622066374707785, 0.7639079914631254, 0.77866556293377, 0.7092076030609726, 0.77866556293377, 0.7448872324159022, 0.7448872324159022, 0.7639079914631254, 0.8015561179186644, 0.8015561179186644, 0.7933233308327081, 0.769070103321853, 0.7108185931715343, 0.7622066374707785, 0.7893489822849602, 0.7639079914631254, 0.8015561179186644, 0.7359752959341225, 0.7359752959341225, 0.7388888888888889, 0.7639079914631254, 0.7359752959341225, 0.7092076030609726, 0.7622066374707785, 0.7092845528455284, 0.7635232168501674, 0.7635232168501674, 0.7092076030609726, 0.6840680587780356, 0.7092076030609726, 0.7205882352941176, 0.7327219650708796, 0.7361111111111113, 0.77866556293377, 0.7359752959341225, 0.7557783018867925, 0.7933233308327081, 0.7361111111111113, 0.7893489822849602, 0.7635232168501674, 0.7092076030609726, 0.7639079914631254, 0.7622066374707785, 0.7359752959341225, 0.7361111111111113, 0.6826011560693641, 0.7361111111111113, 0.7359752959341225, 0.7386979096727989, 0.7933233308327081, 0.7386979096727989], "micro_f_score": [0.6842105263157895, 0.7894736842105263, 0.7105263157894737, 0.8157894736842104, 0.7105263157894737, 0.7368421052631579, 0.7105263157894737, 0.868421052631579, 0.7368421052631579, 0.7368421052631579, 0.7368421052631579, 0.7368421052631579, 0.7368421052631579, 0.7631578947368421, 0.7368421052631579, 0.7105263157894737, 0.7368421052631579, 0.7368421052631579, 0.7631578947368421, 0.7105263157894737, 0.7631578947368421, 0.7368421052631579, 0.7368421052631579, 0.7631578947368421, 0.8157894736842104, 0.7894736842105263, 0.7894736842105263, 0.7368421052631579, 0.7105263157894737, 0.7368421052631579, 0.7631578947368421, 0.7894736842105263, 0.8157894736842104, 0.7631578947368421, 0.7368421052631579, 0.7631578947368421, 0.7894736842105263, 0.7631578947368421, 0.7631578947368421, 0.7368421052631579, 0.7894736842105263, 0.7894736842105263, 0.7631578947368421, 0.7631578947368421, 0.7368421052631579, 0.8421052631578947, 0.8157894736842104, 0.7368421052631579, 0.7631578947368421, 0.7631578947368421, 0.7631578947368421, 0.7631578947368421, 0.7105263157894737, 0.7631578947368421, 0.7368421052631579, 0.7368421052631579, 0.7631578947368421, 0.7894736842105263, 0.7894736842105263, 0.7894736842105263, 0.7631578947368421, 0.7105263157894737, 0.7631578947368421, 0.7894736842105263, 0.7631578947368421, 0.7894736842105263, 0.7368421052631579, 0.7368421052631579, 0.7368421052631579, 0.7631578947368421, 0.7368421052631579, 0.7105263157894737, 0.7631578947368421, 0.6842105263157895, 0.7631578947368421, 0.7631578947368421, 0.7105263157894737, 0.6842105263157895, 0.7105263157894737, 0.7105263157894737, 0.7105263157894737, 0.7368421052631579, 0.7631578947368421, 0.7368421052631579, 0.7368421052631579, 0.7894736842105263, 0.7368421052631579, 0.7894736842105263, 0.7631578947368421, 0.7105263157894737, 0.7631578947368421, 0.7631578947368421, 0.7368421052631579, 0.7368421052631579, 0.6842105263157895, 0.7368421052631579, 0.7368421052631579, 0.7368421052631579, 0.7894736842105263, 0.7368421052631579]}