{"ran_on": "14/05/2020 22:29:25", "no_of_artists": 2, "no_of_epochs": 250, "macro_f_score": [0.5294359333597127, 0.5321434239585521, 0.5348431517976482, 0.534687195884862, 0.5291400506411723, 0.5236955825668625, 0.5236663179109363, 0.5236663179109363, 0.5263422568014264, 0.5290128897084642, 0.5209291295986839, 0.5235973021765874, 0.5289202948505938, 0.5315756229915448, 0.5341983448238332, 0.5341736752017744, 0.5341736752017744, 0.5315081069860187, 0.5315081069860187, 0.5314931665208849, 0.5288376029221827, 0.5261861692543562, 0.5288313269395885, 0.5235413236109738, 0.5235467012118994, 0.5261902541129012, 0.5261975531597843, 0.5261975531597843, 0.5261975531597843, 0.5261975531597843, 0.5235654206756594, 0.5235654206756594, 0.5235654206756594, 0.5261975531597843, 0.5288391886497189, 0.5341198122289255, 0.5341198122289255, 0.534130474220889, 0.5367706319303712, 0.5367706319303712, 0.5367706319303712, 0.5420374392001687, 0.5420374392001687, 0.5499341858737022, 0.5473042464314157, 0.5499341858737022, 0.5525710536252146, 0.5525710536252146, 0.5552083594639353, 0.5578463215809465, 0.5578463215809465, 0.5578463215809465, 0.5578463215809465, 0.5604851581146645, 0.5631250872654123, 0.5631250872654123, 0.5631250872654123, 0.5631250872654123, 0.5657663274083463, 0.5657663274083463, 0.5657663274083463, 0.5683889742808579, 0.5683889742808579, 0.5683889742808579, 0.5710139533384195, 0.5736528612953767, 0.5736528612953767, 0.5736528612953767, 0.5736528612953767, 0.5736528612953767, 0.5736528612953767, 0.5736724008975318, 0.5789167483089943, 0.5789357045901549, 0.5841990082827779, 0.5841990082827779, 0.5841990082827779, 0.581580077299844, 0.589462311975401, 0.5920839394652547, 0.5947256156680241, 0.5973474618762777, 0.5947256156680241, 0.5947256156680241, 0.5973474618762777, 0.5947256156680241, 0.5973474618762777, 0.5947256156680241, 0.5973474618762777, 0.5973474618762777, 0.5999722963549253, 0.6026003389352196, 0.6026003389352196, 0.6052522230532702, 0.6105000703730766, 0.6078745066979903, 0.6078745066979903, 0.6078745066979903, 0.6157639573810206, 0.6157788304385163, 0.6210421341311394, 0.6210421341311394, 0.6184569570183349, 0.6236859236467733, 0.6210698357295216, 0.6237204794288238, 0.6289840018392143, 0.6263748454001011, 0.6289840018392143, 0.6263748454001011, 0.6289840018392143, 0.6263748454001011, 0.6289840018392143, 0.6263748454001011, 0.6315964431147677, 0.6289840018392143, 0.6342123852333901, 0.6315964431147677, 0.6315964431147677, 0.6368320452090086, 0.6342123852333901, 0.6315964431147677, 0.6368320452090086, 0.6342123852333901, 0.6342123852333901, 0.6368320452090086, 0.6368320452090086, 0.6368320452090086, 0.6368320452090086, 0.6394756160266827, 0.6421230505000138, 0.6447388468199652, 0.6447745690698184, 0.6447745690698184, 0.6473863541926369, 0.6473863541926369, 0.6473863541926369, 0.6473863541926369, 0.6500020776132378, 0.6500380914798384, 0.6500380914798384, 0.65264965788526, 0.6500380914798384, 0.6526942804225199, 0.6605285391997542, 0.6605285391997542, 0.6605285391997542, 0.6631762652705061, 0.6657917699929985, 0.6631762652705061, 0.6657917699929985, 0.6684395689631292, 0.6710921811190675, 0.6710921811190675, 0.6737028726557522, 0.6710921811190675, 0.6737028726557522, 0.6737498284293364, 0.6763557035286721, 0.6763557035286721, 0.6737498284293364, 0.6789661763483753, 0.6816192259381995, 0.6816192259381995, 0.6842294800409984, 0.6816192259381995, 0.6868446931658876, 0.6868446931658876, 0.6894650821352392, 0.6868446931658876, 0.6921079239590888, 0.6921462707570292, 0.6947560874262444, 0.6921462707570292, 0.6947560874262444, 0.6973711547522821, 0.6947560874262444, 0.6973711547522821, 0.6947560874262444, 0.6973711547522821, 0.6974097931663349, 0.7026733155755702, 0.7026733155755702, 0.7026733155755702, 0.7026733155755702, 0.7026733155755702, 0.7026733155755702, 0.7079368379847366, 0.7079368379847366, 0.7079368379847366, 0.7079368379847366, 0.7105459985041136, 0.7079368379847366, 0.7105459985041136, 0.7105459985041136, 0.7105459985041136, 0.7079368379847366, 0.7131608471318155, 0.7131608471318155, 0.7131608471318155, 0.7105459985041136, 0.7131608471318155, 0.7131608471318155, 0.7158093021967367, 0.7158093021967367, 0.7132003603938355, 0.7158093021967367, 0.7158093021967367, 0.7158093021967367, 0.7158093021967367, 0.7184240779249785, 0.7158093021967367, 0.7210449042909776, 0.7210449042909776, 0.7210726058893598, 0.7236873087181342, 0.728950539511283, 0.7315715116762236, 0.7342137703044248, 0.731599213274606, 0.7342137703044248, 0.7342137703044248, 0.7368348153688468, 0.73947700109756, 0.73947700109756, 0.73947700109756, 0.73947700109756, 0.7368625169672288, 0.7395179724383693, 0.742125820659852, 0.742125820659852, 0.742125820659852, 0.742125820659852, 0.7447402318906885, 0.7447402318906885, 0.7447402318906885, 0.7447402318906885, 0.7447402318906885, 0.7473614227540929, 0.7500034626838108, 0.7500034626838108, 0.7500034626838108, 0.7500034626838108, 0.7500034626838108, 0.7500034626838108, 0.7500034626838108, 0.7500034626838108, 0.7500034626838108, 0.7473891243524751, 0.7500034626838108],