{"ran_on": "14/05/2020 23:23:15", "no_of_artists": 2, "no_of_epochs": 500, "macro_f_score": [0.5321973837108966, 0.5313925346458458, 0.5282820093849849, 0.5221269175189666, 0.5219528635674627, 0.5246258913824589, 0.5246258913824589, 0.5300594874905662, 0.5298674449312625, 0.5349949845870735, 0.5290140275322626, 0.5288626419815673, 0.5342808538605456, 0.536645664101751, 0.5472917884404609, 0.5444691930922636, 0.5443044051153446, 0.552209773924741, 0.5494146753447721, 0.5520403612558926, 0.5544962546119289, 0.5571092555027494, 0.5623225338638351, 0.5649233133220259, 0.5620052065021447, 0.5620052065021447, 0.5671987498692109, 0.5723813339392855, 0.5722333101442284, 0.5748213603138751, 0.5748213603138751, 0.5748213603138751, 0.5799923877103125, 0.5799923877103125, 0.5799923877103125, 0.5824406361533232, 0.5901909552814566, 0.5953565897922859, 0.5953565897922859, 0.5926576686338951, 0.5926576686338951, 0.5926576686338951, 0.5926576686338951, 0.5926576686338951, 0.5978298572262691, 0.5978298572262691, 0.5978298572262691, 0.5978298572262691, 0.6004169480280788, 0.6031074419451383, 0.6030049856227474, 0.6056925473764048, 0.6055941815477256, 0.6082787489994244, 0.6082787489994244, 0.6055941815477256, 0.6082787489994244, 0.6108662577955871, 0.6134552846851643, 0.6187258220283395, 0.6187258220283395, 0.6160460406335109, 0.6187258220283395, 0.6187258220283395, 0.6187258220283395, 0.6213151871075653, 0.6213151871075653, 0.6213151871075653, 0.6213151871075653, 0.6213151871075653, 0.6213151871075653, 0.6265003911841734, 0.6291745428462049, 0.6291745428462049, 0.6317671979233551, 0.6317671979233551, 0.6317671979233551, 0.634362509842464, 0.634362509842464, 0.6369606902487778, 0.6369606902487778, 0.6369606902487778, 0.6369606902487778, 0.6395619514303421, 0.6395110466597094, 0.6395110466597094, 0.6395110466597094, 0.6395110466597094, 0.6395110466597094, 0.6395110466597094, 0.6421230505000138, 0.6421230505000138, 0.6447388468199652, 0.6500020776132378, 0.6473586525942547, 0.6500020776132378, 0.6500020776132378, 0.6500020776132378, 0.6500020776132378, 0.655301613889771, 0.655301613889771, 0.655301613889771, 0.655301613889771, 0.655301613889771, 0.6579581674251059, 0.6579581674251059, 0.6579581674251059, 0.6579581674251059, 0.6579581674251059, 0.6579581674251059, 0.6579581674251059, 0.6579581674251059, 0.6579581674251059, 0.6606195417055936, 0.6606195417055936, 0.6632859614589095, 0.6632859614589095, 0.6632859614589095, 0.6632220544270948, 0.6658839392690893, 0.6658839392690893, 0.6658839392690893, 0.6658839392690893, 0.6684859414285005, 0.6711483368305581, 0.6684859414285005, 0.6684859414285005, 0.6737498284293364, 0.6710921811190675, 0.6763557035286721, 0.6737028726557522, 0.6763557035286721, 0.6737028726557522, 0.6763557035286721, 0.6763557035286721, 0.6737028726557522, 0.6763557035286721, 0.6737028726557522, 0.6763557035286721, 0.6789661763483753, 0.6763182315794601, 0.6789661763483753, 0.6816192259381995, 0.6789661763483753, 0.6816192259381995, 0.6789661763483753, 0.6816192259381995, 0.6816192259381995, 0.6895414894285573, 0.6868827483476512, 0.6921462707570292, 0.6921462707570292, 0.6894927837336214, 0.6921462707570292, 0.6948053764272435, 0.6948053764272435, 0.6948053764272435, 0.7001413409354798, 0.7001413409354798, 0.6974703246091064, 0.6974703246091064, 0.7001413409354798, 0.6948053764272435, 0.702734722159359, 0.702734722159359, 0.702734722159359, 0.7054063951277042, 0.7054063951277042, 0.7054063951277042, 0.702734722159359, 0.7080845099882997, 0.702734722159359, 0.7080845099882997, 0.702734722159359, 0.7080845099882997, 0.7000692634254223, 0.7054063951277042, 0.7054063951277042, 0.702734722159359, 0.7079991197078871, 0.710671449315562, 0.7079991197078871, 0.710671449315562, 0.7079368379847366, 0.713263517254729, 0.7105970374203033, 0.7159365034991497, 0.7105970374203033, 0.713263517254729, 0.7158609244170271, 0.7185279147999218, 0.7158609244170271, 0.7185279147999218, 0.7158609244170271, 0.7158609244170271, 0.7185279147999218, 0.7185279147999218, 0.7185279147999218, 0.7132003603938355, 0.7211248114132871, 0.7237923123435016, 0.7211248114132871, 0.7237274052118371, 0.7290567098855031, 0.7184240779249785, 0.7290567098855031, 0.7237274052118371, 0.7237274052118371, 0.7263886984090934, 0.7237274052118371, 0.7263886984090934, 0.7263886984090934, 0.7210449042909776, 0.7343211074259604, 0.7236873087181342, 0.7316525854044558, 0.731599213274606, 0.731599213274606, 0.734254450029586, 0.728950539511283, 0.7369164723993837, 0.7263082079836007, 0.7369164723993837, 0.7342137703044248, 0.7368625169672288, 0.7368625169672288, 0.7368625169672288, 0.7342137703044248, 0.742125820659852, 0.7420981190614698, 0.73947700109756, 0.7447402318906885, 0.7447402318906885, 0.7447402318906885, 0.7473891243524751, 0.7473891243524751, 0.7420981190614698, 0.7447814948470932, 0.7473614227540929, 0.7473614227540929, 0.752624726446716, 0.752624726446716, 0.7500034626838108, 0.757888030139339, 0.757888030139339, 0.757888030139339, 0.7605166565738857, 0.7605166565738857, 0.7631513338319621, 0.7631513338319621, 0.7605166565738857, 0.7631513338319621, 0.7631513338319621, 0.7605299242700364, 0.7605166565738857, 0.757888030139339, 0.7657801789823859, 0.7631513338319621, 0.7657931550631402, 0.7605166565738857, 0.7684146375245852, 0.7657931550631402, 0.7710437013908328, 0.7710563858562378, 0.7763196166493298, 0.7763196166493298, 0.7737056428155904, 0.7789689465082135, 0.7763196166493298, 0.7763196166493298, 0.7816261517066062, 0.7736779412172082, 0.7789689465082135, 0.7816261517066062, 0.7763196166493298, 0.7737056428155904, 0.7816261517066062, 0.7736779412172082, 0.7842914553356289, 0.7815828474424159, 0.7815828474424159, 0.786889674114899, 0.7815828474424159, 0.7842322502008365, 0.7815828474424159, 0.7842322502008365, 0.7789412449098313, 0.7842322502008365, 0.7815828474424159, 0.7842322502008365, 0.786889674114899, 0.7815828474424159, 0.786889674114899, 0.7842322502008365, 0.7922294802778739, 0.7842322502008365, 0.786889674114899, 0.7895553423266808, 0.7895553423266808, 0.7815828474424159, 0.7949123157982318, 0.786889674114899, 0.7895553423266808, 0.7922294802778739, 0.7842322502008365, 0.7922294802778739, 0.7948192293173869, 0.7921531965231429, 0.7948192293173869, 0.7974938778021273, 0.7894955538934596, 0.7948192293173869, 0.7974938778021273, 0.7947588575860827, 0.7974167189313385, 0.7947588575860827, 0.8053470032977895, 0.8000221612787057, 0.8053470032977895, 0.8000221612787057, 0.8026802413394871, 0.8026802413394871, 0.8026802413394871, 0.8079437637475895, 0.8026357706147066, 0.8079437637475895, 0.8079437637475895, 0.8026357706147066, 0.8079437637475895, 0.8052854649713288, 0.8052854649713288, 0.8079437637475895, 0.8079437637475895, 0.8052854649713288, 0.8026357706147066, 0.810610890287499, 0.7999944596803236, 0.810610890287499, 0.8026357706147066, 0.8078990014077662, 0.8132072861556464, 0.8131622322008207, 0.8105210670655697, 0.818470808563659, 0.8158120723565749, 0.8131622322008207, 0.8158120723565749, 0.8131622322008207, 0.8105210670655697, 0.818470808563659, 0.8131622322008207, 0.8131622322008207, 0.8158120723565749, 0.8131622322008207, 0.8131622322008207, 0.8131622322008207, 0.821075376049198, 0.8236886937869149, 0.828969433502248, 0.8263109781434389, 0.8315833242381241, 0.8315742818360621, 0.8342059702884076, 0.8315833242381241, 0.8315742818360621, 0.8342059702884076, 0.8368375855286849, 0.8342059702884076, 0.8342151553729902, 0.8368375855286849, 0.8368375855286849, 0.8394783861660209, 0.8368375855286849, 0.8394783861660209, 0.8342059702884076, 0.8394783861660209, 0.8394783861660209, 0.8342059702884076, 0.8368652871270672, 0.8394783861660209, 0.8342059702884076, 0.8394783861660209, 0.842100889221308, 0.8342151553729902, 0.839469492696251, 0.8394783861660209, 0.842100889221308, 0.8368375855286849, 0.8394783861660209, 0.8368375855286849, 0.8368375855286849, 0.844733015104054, 0.8342151553729902, 0.842100889221308, 0.844733015104054, 0.844741616959047, 0.8526274966065541, 0.844733015104054,