{"ran_on": "23/06/2020 23:03:15", "no_of_artists": 2, "no_of_epochs": 400, "macro_f_score": [0.4642857142857143, 0.4976076555023923, 0.6606334841628958, 0.4976076555023923, 0.6606334841628958, 0.5833333333333333, 0.5833333333333333, 0.5833333333333333, 0.4976076555023923, 0.4976076555023923, 0.4976076555023923, 0.7321428571428571, 0.5833333333333333, 0.4976076555023923, 0.6606334841628958, 0.6606334841628958, 0.5833333333333333, 0.6606334841628958, 0.6606334841628958, 0.6606334841628958, 0.6606334841628958, 0.6606334841628958, 0.6606334841628958, 0.6606334841628958, 0.6606334841628958, 0.6606334841628958, 0.8660714285714286, 0.6606334841628958, 0.8, 0.7321428571428571, 0.6606334841628958, 0.6606334841628958, 0.7321428571428571, 0.6606334841628958, 0.7321428571428571, 0.6606334841628958, 0.6606334841628958, 0.7321428571428571, 0.7321428571428571, 0.8, 0.7321428571428571, 0.7321428571428571, 0.6606334841628958, 0.8660714285714286, 0.8660714285714286, 0.6606334841628958, 0.6606334841628958, 0.8660714285714286, 0.8660714285714286, 0.6606334841628958, 0.6606334841628958, 0.6606334841628958, 0.8, 0.6606334841628958, 0.6606334841628958, 0.7321428571428571, 0.8, 0.8, 0.8, 0.7321428571428571, 0.8660714285714286, 0.7321428571428571, 0.8660714285714286, 0.7321428571428571, 0.8660714285714286, 0.7321428571428571, 0.8660714285714286, 0.8660714285714286, 0.8660714285714286, 0.8660714285714286, 0.7321428571428571, 0.8660714285714286, 0.6606334841628958, 0.8660714285714286, 0.8, 0.6606334841628958, 0.6606334841628958, 0.6606334841628958, 0.7321428571428571, 0.8660714285714286, 0.7321428571428571, 0.8660714285714286, 0.9321266968325792, 0.7321428571428571, 0.9321266968325792, 0.9321266968325792, 0.8, 0.8, 0.6606334841628958, 0.7321428571428571, 0.8, 0.8, 0.8660714285714286, 0.8, 0.8, 0.6606334841628958, 0.7321428571428571, 0.8660714285714286, 0.8, 0.9321266968325792, 0.7321428571428571, 0.7321428571428571, 0.7321428571428571, 0.8660714285714286, 0.9321266968325792, 0.8660714285714286, 0.9321266968325792, 0.8660714285714286, 0.7321428571428571, 0.7321428571428571, 0.8660714285714286, 0.6606334841628958, 0.8660714285714286, 0.8, 0.8660714285714286, 0.9321266968325792, 0.8660714285714286, 0.7321428571428571, 0.9321266968325792, 0.7321428571428571, 0.7321428571428571, 0.8660714285714286, 0.7321428571428571, 0.6606334841628958, 0.8660714285714286, 0.8660714285714286, 0.7321428571428571, 0.7321428571428571, 0.9321266968325792, 0.9321266968325792, 0.9321266968325792, 0.7321428571428571, 0.8, 0.7321428571428571, 0.7321428571428571, 0.7321428571428571, 0.9321266968325792, 0.9321266968325792, 0.7321428571428571, 0.9321266968325792, 0.9321266968325792, 0.9321266968325792, 0.7321428571428571, 0.7321428571428571, 0.9321266968325792, 0.8, 0.7321428571428571, 0.8, 0.7321428571428571, 0.8, 0.8, 0.6606334841628958, 0.6606334841628958, 0.8, 0.9321266968325792, 0.9321266968325792, 0.9321266968325792, 0.7321428571428571, 0.8, 0.8, 0.8, 0.8, 0.8, 0.8, 0.7321428571428571, 0.8, 0.9321266968325792, 0.9321266968325792, 0.9321266968325792, 0.8660714285714286, 0.7321428571428571, 0.7321428571428571, 0.9321266968325792, 0.8, 0.7321428571428571, 0.6606334841628958, 0.8, 0.9321266968325792, 0.8, 0.8, 0.6606334841628958, 0.9321266968325792, 0.9321266968325792, 0.9321266968325792, 0.9321266968325792, 0.7321428571428571, 0.9321266968325792, 0.9321266968325792, 0.7321428571428571, 0.7321428571428571, 0.8660714285714286, 0.9321266968325792, 0.8660714285714286, 0.8660714285714286, 0.8, 0.9321266968325792, 0.9321266968325792, 0.8, 0.8, 0.9321266968325792, 0.8, 0.9321266968325792, 0.7321428571428571, 0.7321428571428571, 0.7321428571428571, 0.9321266968325792, 0.7321428571428571, 0.7321428571428571, 0.7321428571428571, 0.7321428571428571, 0.9321266968325792, 0.9321266968325792, 0.7321428571428571, 0.7321428571428571, 0.7321428571428571, 0.8, 0.8660714285714286, 0.7321428571428571, 0.8, 0.9321266968325792, 0.8, 0.7321428571428571, 0.7321428571428571, 0.8660714285714286, 0.8, 0.7321428571428571, 0.7321428571428571, 0.9321266968325792, 0.9321266968325792, 0.8, 0.9321266968325792, 0.9321266968325792, 0.9321266968325792, 0.9321266968325792, 0.9321266968325792, 0.9321266968325792, 0.9321266968325792, 0.9321266968325792, 0.9321266968325792, 0.9321266968325792, 0.8, 0.7321428571428571, 0.8, 0.9321266968325792, 0.7321428571428571, 0.9321266968325792, 0.8660714285714286, 0.9321266968325792, 0.9321266968325792, 0.8660714285714286, 0.9321266968325792, 0.9321266968325792, 0.9321266968325792, 0.9321266968325792, 0.9321266968325792, 0.8, 0.9321266968325792, 0.8, 0.8, 0.9321266968325792, 0.7321428571428571, 0.8660714285714286, 0.8, 0.8660714285714286, 0.8660714285714286, 0.8660714285714286, 0.8, 0.8660714285714286, 0.9321266968325792, 0.9321266968325792, 0.9321266968325792, 0.9321266968325792, 0.9321266968325792, 0.9321266968325792, 0.9321266968325792, 0.8, 0.8660714285714286, 0.9321266968325792, 0.9321266968325792, 0.9321266968325792, 0.8, 0.8660714285714286, 0.9321266968325792, 0.9321266968325792, 0.9321266968325792, 0.8660714285714286, 0.9321266968325792, 0.8660714285714286, 0.9321266968325792, 0.8, 0.8, 0.8660714285714286, 0.9321266968325792, 0.9321266968325792, 0.9321266968325792, 0.9321266968325792, 0.9321266968325792, 0.9321266968325792, 0.8660714285714286, 0.8660714285714286, 0.8660714285714286, 0.9321266968325792, 0.9321266968325792, 0.9321266968325792, 0.8, 0.9321266968325792, 0.9321266968325792, 0.9321266968325792, 0.8, 0.9321266968325792, 0.9321266968325792, 0.9321266968325792, 0.9321266968325792, 0.9321266968325792, 0.9321266968325792, 0.9321266968325792, 0.9321266968325792, 0.9321266968325792, 0.9321266968325792, 0.9321266968325792, 0.9321266968325792, 0.8660714285714286, 0.8660714285714286, 0.9321266968325792, 0.8660714285714286, 0.8660714285714286, 0.9321266968325792, 0.8660714285714286, 0.9321266968325792, 0.9321266968325792, 0.8660714285714286, 0.9321266968325792, 0.9321266968325792, 0.9321266968325792, 0.9321266968325792, 0.9321266968325792, 0.8660714285714286, 0.9321266968325792, 0.9321266968325792, 0.9321266968325792, 0.8660714285714286, 0.8660714285714286, 0.9321266968325792, 0.9321266968325792, 0.9321266968325792, 0.9321266968325792, 0.9321266968325792, 0.8, 0.9321266968325792, 0.8660714285714286, 0.8660714285714286, 0.8660714285714286, 0.9321266968325792, 0.9321266968325792, 0.9321266968325792, 0.9321266968325792, 0.9321266968325792, 0.9321266968325792, 0.8660714285714286, 0.9321266968325792, 0.9321266968325792, 0.9321266968325792, 0.9321266968325792, 0.9321266968325792, 0.9321266968325792, 0.9321266968325792, 0.9321266968325792, 0.9321266968325792, 0.9321266968325792, 0.9321266968325792, 0.9321266968325792, 0.9321266968325792, 0.9321266968325792, 0.9321266968325792, 0.9321266968325792, 0.9321266968325792, 0.9321266968325792, 0.9321266968325792, 0.8660714285714286, 0.8660714285714286, 0.9321266968325792, 0.9321266968325792, 0.9321266968325792, 0.9321266968325792, 0.8660714285714286, 0.9321266968325792, 0.9321266968325792, 0.9321266968325792, 0.9321266968325792, 0.9321266968325792, 0.9321266968325792, 0.9321266968325792, 0.9321266968325792, 0.9321266968325792, 0.8660714285714286, 0.9321266968325792, 0.9321266968325792, 0.8660714285714286, 0.8660714285714286, 0.9321266968325792],