{
  "ran_on": "18/05/2020 15:18:18",
  "no_of_artists": 2,
  "no_of_epochs": 100,
  "macro_f_score": [
    0.5102112720296128,
    0.5129003851385256,
    0.5129200429497888,
    0.5102698570091913,
    0.5102698570091913,
    0.5155946486967067,
    0.5182542687085219,
    0.5182542687085219,
    0.5209014482164902,
    0.5235467012118994,
    0.5261902541129012,
    0.5288323319346337,
    0.5288323319346337,
    0.5288323319346337,
    0.5288323319346337,
    0.5288391886497189,
    0.5314798678743935,
    0.5314798678743935,
    0.5367592423353215,
    0.5367592423353215,
    0.5420374392001687,
    0.5394107869702768,
    0.5420511584443602,
    0.5394275676255618,
    0.5420695391938241,
    0.54471223776046,
    0.54471223776046,
    0.5420925787417934,
    0.54471223776046,
    0.5420925787417934,
    0.54471223776046,
    0.54471223776046,
    0.54471223776046,
    0.5473558824344165,
    0.5473558824344165,
    0.5473558824344165,
    0.5500006925390875,
    0.5500006925390875,
    0.5526468877254218,
    0.5552639233325843,
    0.5579101914180449,
    0.5605582104956542,
    0.5605582104956542,
    0.5632082012709269,
    0.5658217329074168,
    0.5658217329074168,
    0.5658217329074168,
    0.5684720882863574,
    0.5710852553190472,
    0.5710852553190472,
    0.5737001024959141,
    0.5737001024959141,
    0.581580077299844,
    0.5763487777305492,
    0.581580077299844,
    0.5789634061885371,
    0.5789634061885371,
    0.5789634061885371,
    0.581580077299844,
    0.5763487777305492,
    0.581580077299844,
    0.5789634061885371,
    0.5789634061885371,
    0.5789634061885371,
    0.581580077299844,
    0.5763487777305492,
    0.5816123001419262,
    0.5868433080932538,
    0.5842637493271922,
    0.5868758225531817,
    0.5842637493271922,
    0.5947915233501092,
    0.5921393449643187,
    0.5948402559954453,
    0.6001053103007038,
    0.5974467707660532,
    0.6001053103007038,
    0.5975015088763621,
    0.6001053103007038,
    0.6000554103603439,
    0.6106354188901273,
    0.6132399635343142,
    0.6132399635343142,
    0.6106354188901273,
    0.6158470713864034,
    0.6132399635343142,
    0.6159004731746531,
    0.6159004731746531,
    0.6211655274526182,
    0.6185043611184532,
    0.6185043611184532,
    0.6237687587000631,
    0.6211109583936073,
    0.6263748454001011,
    0.6237687587000631,
    0.6263748454001011,
    0.6289840018392143,
    0.6237204794288238,
    0.6289840018392143,
    0.6263748454001011
  ],
  "micro_f_score": [
    0.5105263157894737,
    0.5131578947368421,
    0.5131578947368421,
    0.5105263157894737,
    0.5105263157894737,
    0.5157894736842106,
    0.5184210526315789,
    0.5184210526315789,
    0.5210526315789473,
    0.5236842105263158,
    0.5263157894736842,
    0.5289473684210526,
    0.5289473684210526,
    0.5289473684210526,
    0.5289473684210526,
    0.5289473684210526,
    0.531578947368421,
    0.531578947368421,
    0.5368421052631579,
    0.5368421052631579,
    0.5421052631578948,
    0.5394736842105263,
    0.5421052631578948,
    0.5394736842105263,
    0.5421052631578948,
    0.5447368421052632,
    0.5447368421052632,
    0.5421052631578948,
    0.5447368421052632,
    0.5421052631578948,
    0.5447368421052632,
    0.5447368421052632,
    0.5447368421052632,
    0.5473684210526316,
    0.5473684210526316,
    0.5473684210526316,
    0.55,
    0.55,
    0.5526315789473685,
    0.5552631578947368,
    0.5578947368421052,
    0.5605263157894737,
    0.5605263157894737,
    0.5631578947368421,
    0.5657894736842105,
    0.5657894736842105,
    0.5657894736842105,
    0.5684210526315789,
    0.5710526315789474,
    0.5710526315789474,
    0.5736842105263158,
    0.5736842105263158,
    0.5815789473684211,
    0.5763157894736842,
    0.5815789473684211,
    0.5789473684210527,
    0.5789473684210527,
    0.5789473684210527,
    0.5815789473684211,
    0.5763157894736842,
    0.5815789473684211,
    0.5789473684210527,
    0.5789473684210527,
    0.5789473684210527,
    0.5815789473684211,
    0.5763157894736842,
    0.5815789473684211,
    0.5868421052631579,
    0.5842105263157895,
    0.5868421052631579,
    0.5842105263157895,
    0.5947368421052631,
    0.5921052631578947,
    0.5947368421052631,
    0.6,
    0.5973684210526315,
    0.6,
    0.5973684210526315,
    0.6,
    0.6,
    0.6105263157894737,
    0.6131578947368421,
    0.6131578947368421,
    0.6105263157894737,
    0.6157894736842106,
    0.6131578947368421,
    0.6157894736842106,
    0.6157894736842106,
    0.6210526315789474,
    0.618421052631579,
    0.618421052631579,
    0.6236842105263158,
    0.6210526315789474,
    0.6263157894736842,
    0.6236842105263158,
    0.6263157894736842,
    0.6289473684210526,
    0.6236842105263158,
    0.6289473684210526,
    0.6263157894736842
  ]
}