{"ran_on": "12/07/2020 15:01:27", "no_of_artists": 2, "no_of_epochs": 1, "macro_f_score": [0.3448275862068966], "micro_f_score": [0.5263157894736842]}