{"ran_on": "13/06/2020 14:35:34", "no_of_artists": 2, "no_of_epochs": 20, "macro_f_score": [0.4642857142857143, 0.7321428571428571, 0.5982142857142858, 0.5833333333333333, 0.6606334841628959, 0.5982142857142857, 0.6666666666666667, 0.39999999999999997, 0.7222222222222222, 0.784688995215311, 0.5982142857142857, 0.7963800904977376, 0.8, 0.39999999999999997, 0.6606334841628958, 0.6666666666666667, 0.6606334841628958, 0.6606334841628958, 0.5833333333333333, 0.4976076555023923], "micro_f_score": [0.4666666666666667, 0.7333333333333333, 0.6, 0.6, 0.6666666666666666, 0.6, 0.6666666666666666, 0.4666666666666667, 0.7333333333333333, 0.8000000000000002, 0.6, 0.8000000000000002, 0.8000000000000002, 0.4666666666666667, 0.6666666666666666, 0.6666666666666666, 0.6666666666666666, 0.6666666666666666, 0.6, 0.5333333333333333]}