{"ran_on": "22/06/2020 13:15:38", "no_of_artists": 2, "no_of_epochs": 50, "macro_f_score": [0.5333333333333333, 0.5333333333333333, 0.4642857142857143, 0.5333333333333333, 0.5333333333333333, 0.5333333333333333, 0.5333333333333333, 0.6606334841628958, 0.6606334841628958, 0.6606334841628958, 0.6606334841628958, 0.6606334841628958, 0.6606334841628958, 0.7321428571428571, 0.7321428571428571, 0.7321428571428571, 0.7321428571428571, 0.7321428571428571, 0.6606334841628958, 0.7321428571428571, 0.6606334841628958, 0.6606334841628958, 0.7321428571428571, 0.7321428571428571, 0.7321428571428571, 0.5833333333333333, 0.7321428571428571, 0.8, 0.6606334841628958, 0.5833333333333333, 0.8, 0.5833333333333333, 0.8, 0.8, 0.8, 0.7321428571428571, 0.8, 0.8, 0.8, 0.5833333333333333, 0.7321428571428571, 0.7321428571428571, 0.7321428571428571, 0.7321428571428571, 0.6606334841628958, 0.6606334841628958, 0.7321428571428571, 0.6606334841628958, 0.8, 0.6606334841628958], "micro_f_score": [0.5333333333333333, 0.5333333333333333, 0.4666666666666667, 0.5333333333333333, 0.5333333333333333, 0.5333333333333333, 0.5333333333333333, 0.6666666666666666, 0.6666666666666666, 0.6666666666666666, 0.6666666666666666, 0.6666666666666666, 0.6666666666666666, 0.7333333333333333, 0.7333333333333333, 0.7333333333333333, 0.7333333333333333, 0.7333333333333333, 0.6666666666666666, 0.7333333333333333, 0.6666666666666666, 0.6666666666666666, 0.7333333333333333, 0.7333333333333333, 0.7333333333333333, 0.6, 0.7333333333333333, 0.8000000000000002, 0.6666666666666666, 0.6, 0.8000000000000002, 0.6, 0.8000000000000002, 0.8000000000000002, 0.8000000000000002, 0.7333333333333333, 0.8000000000000002, 0.8000000000000002, 0.8000000000000002, 0.6, 0.7333333333333333, 0.7333333333333333, 0.7333333333333333, 0.7333333333333333, 0.6666666666666666, 0.6666666666666666, 0.7333333333333333, 0.6666666666666666, 0.8000000000000002, 0.6666666666666666]}