{"ran_on": "06/06/2020 10:10:52", "no_of_artists": 2, "no_of_epochs": 8, "macro_f_score": [0.7090863453815262, 0.7977763709741237, 0.7310697484148088, 0.8367096378146102, 0.7531010041346722, 0.7738095238095237, 0.7531010041346722, 0.8801261829652998], "micro_f_score": [0.6842105263157895, 0.7894736842105263, 0.7105263157894737, 0.8157894736842104, 0.7105263157894737, 0.7368421052631579, 0.7105263157894737, 0.868421052631579]}