{"ran_on": "24/05/2020 09:36:43", "no_of_artists": 2, "no_of_epochs": 500, "macro_f_score": [0.44917840375586854, 0.44917840375586854, 0.5100896860986547, 0.5100896860986547, 0.43524416135881105, 0.43524416135881105, 0.43524416135881105, 0.47777867073856795, 0.47777867073856795, 0.47777867073856795, 0.47777867073856795, 0.47777867073856795, 0.5138738738738738, 0.5138738738738738, 0.4834626602828683, 0.45548780487804874, 0.4292280713219837, 0.4292280713219837, 0.4292280713219837, 0.4292280713219837, 0.4610943775100402, 0.4610943775100402, 0.4610943775100402, 0.4610943775100402, 0.4610943775100402, 0.4610943775100402, 0.4912175388229153, 0.4912175388229153, 0.4912175388229153, 0.46547314578005117, 0.46547314578005117, 0.46547314578005117, 0.4403948992184286, 0.4403948992184286, 0.4403948992184286, 0.46909696521095484, 0.4442108950779471, 0.4442108950779471, 0.4442108950779471, 0.4442108950779471, 0.4722222222222222, 0.4722222222222222, 0.4722222222222222, 0.4722222222222222, 0.4722222222222222, 0.4722222222222222, 0.4722222222222222, 0.4722222222222222, 0.4722222222222222, 0.4722222222222222, 0.4722222222222222, 0.4722222222222222, 0.4722222222222222, 0.4722222222222222, 0.4722222222222222, 0.4722222222222222, 0.4722222222222222, 0.4722222222222222, 0.4722222222222222, 0.4722222222222222, 0.4722222222222222, 0.4722222222222222, 0.4722222222222222, 0.4722222222222222, 0.4722222222222222, 0.4722222222222222, 0.4722222222222222, 0.4722222222222222, 0.4722222222222222, 0.4722222222222222, 0.4722222222222222, 0.4722222222222222, 0.4722222222222222, 0.4722222222222222, 0.4722222222222222, 0.4722222222222222, 0.4722222222222222, 0.4722222222222222, 0.4722222222222222, 0.4722222222222222, 0.4722222222222222, 0.4722222222222222, 0.4722222222222222, 0.4722222222222222, 0.4722222222222222, 0.4722222222222222, 0.4722222222222222, 0.4722222222222222, 0.4722222222222222, 0.4722222222222222, 0.4972105506130529, 0.4972105506130529, 0.4972105506130529, 0.4972105506130529, 0.4972105506130529, 0.4972105506130529, 0.4972105506130529, 0.4972105506130529, 0.4972105506130529, 0.4972105506130529, 0.4972105506130529, 0.4972105506130529, 0.4972105506130529, 0.4972105506130529, 0.4972105506130529, 0.4972105506130529, 0.4972105506130529, 0.4972105506130529, 0.5224746254229096, 0.5224746254229096, 0.5224746254229096, 0.5224746254229096, 0.5224746254229096, 0.5224746254229096, 0.5224746254229096, 0.5482468700664537, 0.5482468700664537, 0.5482468700664537, 0.5482468700664537, 0.5482468700664537, 0.5482468700664537, 0.5482468700664537, 0.5482468700664537, 0.5482468700664537, 0.5482468700664537, 0.5482468700664537, 0.5482468700664537, 0.5482468700664537, 0.5482468700664537, 0.5482468700664537, 0.5482468700664537, 0.5482468700664537, 0.5482468700664537, 0.5482468700664537, 0.5482468700664537, 0.5482468700664537, 0.5482468700664537, 0.5482468700664537, 0.5482468700664537, 0.5482468700664537, 0.5482468700664537, 0.5482468700664537, 0.5482468700664537, 0.5482468700664537, 0.5482468700664537, 0.5482468700664537, 0.5482468700664537, 0.5482468700664537, 0.5482468700664537, 0.5482468700664537, 0.5482468700664537, 0.5482468700664537, 0.5482468700664537, 0.5482468700664537, 0.5482468700664537, 0.5482468700664537, 0.5482468700664537, 0.5482468700664537, 0.5482468700664537, 0.5482468700664537, 0.5482468700664537, 0.5482468700664537, 0.5482468700664537, 0.5482468700664537, 0.5482468700664537, 0.5482468700664537, 0.5482468700664537, 0.5482468700664537, 0.5482468700664537, 0.5482468700664537, 0.5482468700664537, 0.5482468700664537, 0.5482468700664537, 0.5482468700664537, 0.5482468700664537, 0.5482468700664537, 0.5482468700664537, 0.5482468700664537, 0.5482468700664537, 0.5482468700664537, 0.5482468700664537, 0.5482468700664537, 0.5482468700664537, 0.5482468700664537, 0.5482468700664537, 0.5482468700664537, 0.5482468700664537, 0.5482468700664537, 0.5482468700664537, 0.5482468700664537, 0.5482468700664537, 0.5482468700664537, 0.5482468700664537, 0.5482468700664537, 0.5482468700664537, 0.5482468700664537, 0.5482468700664537, 0.5482468700664537, 0.5482468700664537, 0.5482468700664537, 0.5482468700664537, 0.5482468700664537, 0.5482468700664537, 0.5482468700664537, 0.5482468700664537, 0.5482468700664537, 0.5482468700664537, 0.5482468700664537, 0.5482468700664537, 0.5482468700664537, 0.5482468700664537, 0.5482468700664537, 0.5482468700664537, 0.5482468700664537, 0.5482468700664537, 0.5482468700664537, 0.5482468700664537, 0.5482468700664537, 0.5482468700664537, 0.5482468700664537, 0.5482468700664537, 0.5482468700664537, 0.5482468700664537, 0.5482468700664537, 0.5482468700664537, 0.5482468700664537, 0.5482468700664537, 0.5482468700664537, 0.5482468700664537, 0.5482468700664537, 0.5482468700664537, 0.5482468700664537, 0.5482468700664537, 0.5482468700664537, 0.5482468700664537, 0.5482468700664537, 0.5482468700664537, 0.5482468700664537, 0.5482468700664537, 0.5482468700664537, 0.5482468700664537, 0.5482468700664537, 0.5482468700664537, 0.5482468700664537, 0.5482468700664537, 0.5482468700664537, 0.5482468700664537, 0.5482468700664537, 0.5482468700664537, 0.5482468700664537, 0.5482468700664537, 0.5482468700664537, 0.5482468700664537, 0.5482468700664537, 0.5482468700664537, 0.5482468700664537, 0.5482468700664537, 0.5482468700664537, 0.5482468700664537, 0.5482468700664537, 0.5482468700664537, 0.5482468700664537, 0.5482468700664537, 0.5482468700664537, 0.5482468700664537, 0.5482468700664537, 0.5482468700664537, 0.5482468700664537, 0.5482468700664537, 0.5482468700664537, 0.5482468700664537, 0.5482468700664537, 0.5482468700664537, 0.5482468700664537, 0.5482468700664537, 0.5482468700664537, 0.5482468700664537, 0.5482468700664537, 0.5482468700664537, 0.5482468700664537, 0.5482468700664537, 0.5482468700664537, 0.5482468700664537, 0.5482468700664537, 0.5482468700664537, 0.5482468700664537, 0.5482468700664537, 0.5482468700664537, 0.5482468700664537, 0.5758510113468179, 0.5758510113468179, 0.5758510113468179, 0.5758510113468179, 0.5758510113468179, 0.5758510113468179, 0.5758510113468179, 0.5758510113468179, 0.5758510113468179, 0.5758510113468179, 0.5758510113468179, 0.5758510113468179, 0.5758510113468179, 0.5758510113468179, 0.5758510113468179, 0.5758510113468179, 0.5758510113468179, 0.5758510113468179, 0.5758510113468179, 0.5758510113468179, 0.5758510113468179, 0.5758510113468179, 0.5758510113468179, 0.5758510113468179, 0.5758510113468179, 0.5758510113468179, 0.5758510113468179, 0.5758510113468179, 0.5758510113468179, 0.5758510113468179, 0.5758510113468179, 0.5758510113468179, 0.5758510113468179, 0.5758510113468179, 0.5758510113468179, 0.5758510113468179, 0.5758510113468179, 0.5758510113468179, 0.5758510113468179, 0.5758510113468179, 0.5758510113468179, 0.5758510113468179, 0.5758510113468179, 0.603209308025205, 0.603209308025205, 0.603209308025205, 0.603209308025205, 0.603209308025205, 0.603209308025205, 0.603209308025205, 0.603209308025205, 0.603209308025205, 0.603209308025205, 0.603209308025205, 0.603209308025205, 0.603209308025205, 0.603209308025205, 0.603209308025205, 0.603209308025205, 0.603209308025205, 0.603209308025205, 0.603209308025205, 0.603209308025205, 0.603209308025205, 0.603209308025205, 0.603209308025205, 0.603209308025205, 0.6305555555555555, 0.6305555555555555, 0.6305555555555555, 0.6305555555555555, 0.6305555555555555, 0.6305555555555555, 0.6305555555555555, 0.605409321419947, 0.605409321419947, 0.605409321419947, 0.605409321419947, 0.605409321419947, 0.605409321419947, 0.6333333333333333, 0.6333333333333333, 0.6333333333333333, 0.6333333333333333, 0.6333333333333333, 0.6333333333333333, 0.6333333333333333, 0.6333333333333333, 0.6333333333333333, 0.6333333333333333, 0.6333333333333333, 0.6333333333333333, 0.6333333333333333, 0.6333333333333333, 0.6333333333333333, 0.6333333333333333, 0.6333333333333333, 0.6333333333333333, 0.6333333333333333, 0.6333333333333333, 0.6333333333333333, 0.6333333333333333, 0.6333333333333333, 0.6333333333333333, 0.6333333333333333, 0.6333333333333333, 0.6333333333333333, 