{"ran_on": "23/05/2020 14:20:28", "no_of_artists": 2, "no_of_epochs": 10, "macro_f_score": [0.41571753986332577, 0.41571753986332577, 0.41571753986332577, 0.41571753986332577, 0.41571753986332577, 0.41571753986332577, 0.41571753986332577, 0.41571753986332577, 0.4442108950779471, 0.41944444444444445], "micro_f_score": [0.42105263157894735, 0.42105263157894735, 0.42105263157894735, 0.42105263157894735, 0.42105263157894735, 0.42105263157894735, 0.42105263157894735, 0.42105263157894735, 0.4473684210526316, 0.42105263157894735]}