{"ran_on": "23/06/2020 23:01:17", "no_of_artists": 2, "no_of_epochs": 100, "macro_f_score": [0.4886363636363637, 0.6031746031746033, 0.6031746031746033, 0.6031746031746033, 0.7963800904977376, 0.6031746031746033, 0.7963800904977376, 0.8660714285714286, 0.9321266968325792, 0.9321266968325792, 0.9321266968325792, 0.9321266968325792, 0.9321266968325792, 0.8660714285714286, 0.8660714285714286, 0.8, 0.8, 0.8660714285714286, 0.8660714285714286, 0.8660714285714286, 0.8660714285714286, 0.8660714285714286, 0.8660714285714286, 0.8660714285714286, 0.7963800904977376, 0.8611111111111112, 0.8660714285714286, 0.7963800904977376, 0.7963800904977376, 0.8660714285714286, 0.8, 0.8, 0.7963800904977376, 0.8660714285714286, 0.7321428571428571, 0.8660714285714286, 0.8660714285714286, 0.8660714285714286, 0.8660714285714286, 0.7963800904977376, 0.8660714285714286, 0.8, 0.8, 0.7321428571428571, 0.7321428571428571, 0.8, 0.8660714285714286, 0.8, 0.9321266968325792, 0.8660714285714286, 0.8, 0.8, 0.8, 0.8660714285714286, 0.8660714285714286, 0.8, 0.8, 0.8660714285714286, 0.8660714285714286, 0.7321428571428571, 0.8, 0.8, 0.8, 0.8, 0.8660714285714286, 0.9321266968325792, 0.8660714285714286, 0.8660714285714286, 0.8, 0.8660714285714286, 0.8660714285714286, 0.8660714285714286, 0.9321266968325792, 0.9321266968325792, 0.8, 0.8660714285714286, 0.8660714285714286, 0.9321266968325792, 0.9321266968325792, 0.9321266968325792, 0.8, 0.9321266968325792, 0.7321428571428571, 0.8660714285714286, 0.8, 0.8, 0.8, 0.8660714285714286, 0.9321266968325792, 0.8660714285714286, 0.8, 0.7321428571428571, 0.7321428571428571, 0.6606334841628958, 0.9321266968325792, 0.9321266968325792, 0.9321266968325792, 0.8660714285714286, 0.9321266968325792, 0.9321266968325792], "micro_f_score": [0.6, 0.6666666666666666, 0.6666666666666666, 0.6666666666666666, 0.8000000000000002, 0.6666666666666666, 0.8000000000000002, 0.8666666666666667, 0.9333333333333333, 0.9333333333333333, 0.9333333333333333, 0.9333333333333333, 0.9333333333333333, 0.8666666666666667, 0.8666666666666667, 0.8000000000000002, 0.8000000000000002, 0.8666666666666667, 0.8666666666666667, 0.8666666666666667, 0.8666666666666667, 0.8666666666666667, 0.8666666666666667, 0.8666666666666667, 0.8000000000000002, 0.8666666666666667, 0.8666666666666667, 0.8000000000000002, 0.8000000000000002, 0.8666666666666667, 0.8000000000000002, 0.8000000000000002, 0.8000000000000002, 0.8666666666666667, 0.7333333333333333, 0.8666666666666667, 0.8666666666666667, 0.8666666666666667, 0.8666666666666667, 0.8000000000000002, 0.8666666666666667, 0.8000000000000002, 0.8000000000000002, 0.7333333333333333, 0.7333333333333333, 0.8000000000000002, 0.8666666666666667, 0.8000000000000002, 0.9333333333333333, 0.8666666666666667, 0.8000000000000002, 0.8000000000000002, 0.8000000000000002, 0.8666666666666667, 0.8666666666666667, 0.8000000000000002, 0.8000000000000002, 0.8666666666666667, 0.8666666666666667, 0.7333333333333333, 0.8000000000000002, 0.8000000000000002, 0.8000000000000002, 0.8000000000000002, 0.8666666666666667, 0.9333333333333333, 0.8666666666666667, 0.8666666666666667, 0.8000000000000002, 0.8666666666666667, 0.8666666666666667, 0.8666666666666667, 0.9333333333333333, 0.9333333333333333, 0.8000000000000002, 0.8666666666666667, 0.8666666666666667, 0.9333333333333333, 0.9333333333333333, 0.9333333333333333, 0.8000000000000002, 0.9333333333333333, 0.7333333333333333, 0.8666666666666667, 0.8000000000000002, 0.8000000000000002, 0.8000000000000002, 0.8666666666666667, 0.9333333333333333, 0.8666666666666667, 0.8000000000000002, 0.7333333333333333, 0.7333333333333333, 0.6666666666666666, 0.9333333333333333, 0.9333333333333333, 0.9333333333333333, 0.8666666666666667, 0.9333333333333333, 0.9333333333333333]}