{"ran_on": "18/06/2020 11:13:05", "no_of_artists": 2, "no_of_epochs": 10, "macro_f_score": [0.6481481481481481, 0.3448275862068966, 0.6560822211995705, 0.77866556293377, 0.6481481481481481, 0.7557783018867925, 0.6481481481481481, 0.7738095238095237, 0.7092845528455284, 0.7092845528455284], "micro_f_score": [0.5789473684210527, 0.5263157894736842, 0.6578947368421053, 0.7631578947368421, 0.5789473684210527, 0.7368421052631579, 0.5789473684210527, 0.7368421052631579, 0.6842105263157895, 0.6842105263157895]}