{"ran_on": "06/06/2020 10:10:41", "no_of_artists": 2, "no_of_epochs": 5, "macro_f_score": [0.7090863453815262, 0.7977763709741237, 0.7310697484148088, 0.8367096378146102, 0.7531010041346722], "micro_f_score": [0.6842105263157895, 0.7894736842105263, 0.7105263157894737, 0.8157894736842104, 0.7105263157894737]}