{"ran_on": "11/06/2020 11:18:45", "no_of_artists": 2, "no_of_epochs": 5, "macro_f_score": [0.6481481481481481, 0.3448275862068966, 0.6560822211995705, 0.77866556293377, 0.6481481481481481], "micro_f_score": [0.5789473684210527, 0.5263157894736842, 0.6578947368421053, 0.7631578947368421, 0.5789473684210527]}