{"ran_on": "13/06/2020 14:34:00", "no_of_artists": 2, "no_of_epochs": 15, "macro_f_score": [0.4444444444444444, 0.4444444444444444, 0.5333333333333333, 0.39999999999999997, 0.4976076555023923, 0.6666666666666667, 0.5248868778280543, 0.5833333333333333, 0.6606334841628958, 0.4976076555023923, 0.6606334841628958, 0.7321428571428571, 0.7321428571428571, 0.6666666666666667, 0.6606334841628958], "micro_f_score": [0.4666666666666667, 0.4666666666666667, 0.5333333333333333, 0.4666666666666667, 0.5333333333333333, 0.6666666666666666, 0.5333333333333333, 0.6, 0.6666666666666666, 0.5333333333333333, 0.6666666666666666, 0.7333333333333333, 0.7333333333333333, 0.6666666666666666, 0.6666666666666666]}