{"ran_on": "14/06/2020 15:31:04", "no_of_artists": 2, "no_of_epochs": 10, "macro_f_score": [0.3448275862068966, 0.6263736263736264, 0.6481481481481481, 0.6481481481481481, 0.7531010041346722, 0.7323943661971831, 0.7327219650708796, 0.7116170461179218, 0.6906976744186046, 0.7327219650708796], "micro_f_score": [0.5263157894736842, 0.5526315789473685, 0.5789473684210527, 0.5789473684210527, 0.7105263157894737, 0.6842105263157895, 0.7105263157894737, 0.6578947368421053, 0.631578947368421, 0.7105263157894737]}