{"ran_on": "06/06/2020 11:18:05", "no_of_artists": 30, "no_of_epochs": 10, "macro_f_score": [0.07813111933775858, 0.08870831019432479, 0.09900071079248265, 0.11704637479488929, 0.1321563169808065, 0.11226378796981193, 0.1236606470654215, 0.09934261876143004, 0.1415774515133745, 0.1248404951461131], "micro_f_score": [0.0692167577413479, 0.09471766848816031, 0.1092896174863388, 0.11839708561020036, 0.13296903460837886, 0.12568306010928962, 0.122040072859745, 0.12932604735883424, 0.1384335154826958, 0.13479052823315119]}