{"ran_on": "14/05/2020 23:03:16", "no_of_artists": 3, "no_of_epochs": 250, "macro_f_score": [0.32072915598120744, 0.32249836645133345, 0.3279364466688084, 0.3279364466688084, 0.3278401679776646, 0.32758817260090844, 0.32758817260090844, 0.32944331953631695, 0.32769537288399414, 0.3296185614345163, 0.3278674825872039, 0.3224686242279406, 0.3242893769384685, 0.3224905469890297, 0.32423113740039916, 0.3225578705184877, 0.32784901514370246, 0.33149822649307614, 0.3314509305421501, 0.33141097662505425, 0.33497151301043054, 0.3332256989833164, 0.3314375389567778, 0.3350487903158756, 0.3404803483104095, 0.3421161490725213, 0.3421161490725213, 0.3439193395943374, 0.3421161490725213, 0.3421161490725213, 0.34394895185142726, 0.34394895185142726, 0.3473920035064862, 0.34741281475696667, 0.3456646610193795, 0.3456646610193795, 0.3455574810069546, 0.3455524206147997, 0.3471020460210503, 0.34700544884108087, 0.3505631788400023, 0.35046073628352503, 0.3521969105604635, 0.35395476188617786, 0.35749700888860625, 0.35203405315983055, 0.3592386344625076, 0.3538504795631575, 0.3575115703036605, 0.36075342310706265, 0.3626261884613775, 0.36435580937105466, 0.3677437938306474, 0.36763892344890003, 0.3695564831234132, 0.36944447484548393, 0.371366970406122, 0.36774875374623245, 0.3731447592214905, 0.3731993796782955, 0.37476731855070056, 0.37488067218334503, 0.37658877439382865, 0.37476731855070056, 0.37858179026551747, 0.3784818960421511, 0.3783591871761639, 0.3819769952337601, 0.37858179026551747, 0.37840390918417366, 0.38207689750086504, 0.382104474505501, 0.3821598517502888, 0.3855476865353592, 0.3854910205729887, 0.38900355324458563, 0.383697279894619, 0.3891739978870243, 0.3872883467363526, 0.38731720459072144, 0.38726738824815354, 0.3907824783493155, 0.39255581410865964, 0.39266900815485556, 0.39077250707862354, 0.39081061317977744, 0.39270408607685237, 0.39436351945077985, 0.39631740159033463, 0.39970692399154856, 0.39808787807465806, 0.3997011812152165, 0.40314550376346264, 0.4033670185106419, 0.40321739828202163, 0.41039905035793267, 0.4084319269610959, 0.4122129246824377, 0.411889771878264, 0.413931254844446, 0.41385516176973475, 0.4137091467450125, 0.41204107723103567, 0.4189909682095833, 0.41872685576271323, 0.41910064491368615, 0.4170935066325515, 0.42251836082091543, 0.417118560733105, 0.42417996068970476, 0.4208007900717389, 0.4223004331751244, 0.4225229615906711, 0.4207398350486664, 0.4242773909976758, 0.4241230315916349, 0.4277908503092579, 0.42416288924330364, 0.4276365420656602, 0.43126262372123897, 0.42929040889034664, 0.43300939246070036, 0.4330673416693886, 0.4311128797495338, 0.434777750228587, 0.4328644703250614, 0.4329774223813478, 0.4311903480438351, 0.43301862860268003, 0.4346375737769056, 0.43648241946361943, 0.43295962682784794, 0.43829004808746835, 0.4380770391407274, 0.43999583796473374, 0.4416542391185935, 0.44168231480166353, 0.4434043106116077, 0.4469627368740403, 0.44513091955410117, 0.44681171618121396, 0.44701425208861945, 0.44686096179798734, 0.44513091955410117, 0.448782224888114, 0.44857530040561977, 0.4468355627493014, 0.4505374324688448, 0.4541011389685447, 0.45043234997689785, 0.45576975963879823, 0.45389573247721365, 0.4539222100388632, 0.4589963574641779, 0.45925488772663475, 0.459094043406233, 0.4571145461014183, 0.4628381520428667, 0.4626242739218023, 0.460896029506912, 0.46633420060200914, 0.4644650337329764, 0.46625058072794673, 0.4679424296461168, 0.4698292595366256, 0.4644650337329764, 0.47305264055006135, 0.4696620145867995, 0.4730681676563344, 0.476500112110177, 0.4767378801601315, 0.4745550251757949, 0.47668649844729366, 0.4782890077778401, 0.47645461545219353, 0.4799864762942457, 0.4798394762992651, 0.476300677772332, 0.48173386652933914, 0.47465695488752196, 0.48170490856882414, 0.4782466403615548, 0.48004049683038524, 0.4834567573587931, 0.4817841330659085, 0.4801283007323079, 0.4817499482052828, 0.4784322722949367, 0.4854576786649086, 0.48191085103124737, 0.4835968453769758, 0.4818331314525897, 0.4854786855790414, 0.48723920085987116, 0.48706245303245665, 0.48365605246640964, 0.4887625208915086, 0.49413850433541023, 0.48701248311223133, 0.4905457704603527, 0.4906179029828246, 0.49235106168053355, 0.49055855849545305, 0.4922041740774427, 0.49423872236297156, 0.4959264051130629, 0.49230133021983236, 0.4938926699009443, 0.4975901425265146, 0.4993748763731267, 0.501305909912802, 0.5011733565207929, 0.5028718561282075, 0.5047639593377995, 0.5066310377595935, 0.5045837109745925, 0.5064509296963663, 0.5134982997666544, 0.5046551012770665, 0.5116033823055891, 0.5097747173114621, 0.511740454997958, 0.5100330327730556, 0.5062885014444072, 0.5134121383690832, 0.5117744953847481, 0.5170651945798744, 0.5081354156730498, 0.5152858999219699, 0.5151510777994873, 0.5117750211513605, 0.5135273644325702, 0.5169280142117215, 0.5188306362595361, 0.5187256663075083, 0.5205050796782573, 0.5205173641313279, 0.5223486130059846, 0.5241450480370663, 0.5223071065682288, 0.5260089446329431, 0.5273995199681976, 0.5331487714006657, 0.5292290246755841, 0.527691514573078, 0.5345055779434884, 0.5347818649581604, 0.5328543675644106, 0.5292195904426326, 0.5381767532115613],