{"ran_on": "06/06/2020 11:38:38", "no_of_artists": 40, "no_of_epochs": 15, "macro_f_score": [0.08814702542408608, 0.08727065901030152, 0.08715174459089431, 0.10957215527863538, 0.09874461434733516, 0.12578377662821472, 0.11685195978279175, 0.104637579815241, 0.11683034528922613, 0.12341226649667206, 0.12722167676234736, 0.1237933697694019, 0.09845597250325036, 0.11852492811982644, 0.10748291161127298], "micro_f_score": [0.08149171270718232, 0.10359116022099447, 0.08701657458563536, 0.10082872928176796, 0.10220994475138122, 0.10497237569060773, 0.10497237569060773, 0.1132596685082873, 0.1132596685082873, 0.11740331491712708, 0.11187845303867403, 0.12016574585635359, 0.09668508287292817, 0.12430939226519337, 0.09944751381215468]}