{"ran_on": "06/06/2020 11:19:17", "no_of_artists": 40, "no_of_epochs": 10, "macro_f_score": [0.08814702542408608, 0.08727065901030152, 0.08715174459089431, 0.10957215527863538, 0.09874461434733516, 0.12578377662821472, 0.11685195978279175, 0.104637579815241, 0.11683034528922613, 0.12341226649667206], "micro_f_score": [0.08149171270718232, 0.10359116022099447, 0.08701657458563536, 0.10082872928176796, 0.10220994475138122, 0.10497237569060773, 0.10497237569060773, 0.1132596685082873, 0.1132596685082873, 0.11740331491712708]}