{"ran_on": "14/05/2020 23:35:49", "no_of_artists": 4, "no_of_epochs": 250, "macro_f_score": [0.2512434770802362, 0.2523768947951256, 0.25057468184900117, 0.25110693919757515, 0.2530743039497248, 0.2516942798451135, 0.2513602785694167, 0.2555441844805812, 0.2577467996565337, 0.2534685083732993, 0.2540867940945418, 0.2553018754090926, 0.25680215204611145, 0.2568055252206351, 0.2579646356285204, 0.2590079867059107, 0.25850328638307357, 0.26278111620691197, 0.2644368506416905, 0.2615470077354273, 0.2628672385793815, 0.2657821951321451, 0.26557085755087917, 0.2656943941382568, 0.26698148213784595, 0.268039697239306, 0.26665053435414277, 0.27062217869112326, 0.27062217869112326, 0.2704839112814695, 0.27055618114855867, 0.2705927024218682, 0.2707296515963976, 0.26932323692852755, 0.2718185318783196, 0.27043480052929, 0.27314891558818144, 0.27314891558818144, 0.2730382297060116, 0.2730382297060116, 0.27312948470516096, 0.27312948470516096, 0.2743329853417987, 0.273264675847305, 0.27327049924224217, 0.27595277888592135, 0.27598103711844835, 0.27723011998682096, 0.27857922326586165, 0.2785814616671402, 0.2772635427536089, 0.2799354705307345, 0.2813839144090354, 0.2826382595976494, 0.2813839144090354, 0.2800522972534612, 0.2825664383163493, 0.2826809441262781, 0.2826576247391836, 0.28521600311719514, 0.2851357415687854, 0.28525153727577685, 0.28525153727577685, 0.285248307936769, 0.28394730040779176, 0.28393191784006533, 0.286692820525927, 0.28667988762012564, 0.2880518606525451, 0.28938585386716364, 0.28805229138858435, 0.28938363716819177, 0.2893642771525527, 0.29069907698310415, 0.29074771978002645, 0.29335224141769817, 0.29076283465801545, 0.2947662698309417, 0.2974244296520641, 0.2987343175053302, 0.30143229375417346, 0.3001141127240573, 0.3041388952008587, 0.30543298530109525, 0.30676004096599424, 0.30807491793890485, 0.3120722865173924, 0.31073457086584677, 0.3107614305393179, 0.31074815847773235, 0.3134392252154807, 0.3121464498369272, 0.3160633980710634, 0.31607417563181045, 0.31738001270465377, 0.31605307537635746, 0.31743137486827927, 0.31742541145046116, 0.32009924000819023, 0.3214370594269325, 0.3214370594269325, 0.32011889897714435, 0.3227624119830841, 0.3240682623709143, 0.320115711469776, 0.3213906967507275, 0.3240679059875288, 0.3254238317330769, 0.32274771471461716, 0.3267551995313387, 0.3280389509687594, 0.32673351660492966, 0.32800689025392427, 0.3306587684596604, 0.3332962273469796, 0.3346675800765212, 0.3345892028592825, 0.33600501808823646, 0.33725781150911965, 0.33720725592388173, 0.33600793971721543, 0.33859245796519366, 0.33854652431294147, 0.3386439835011226, 0.34125507867671173, 0.3412394028273511, 0.3412668231835122, 0.34391174109346434, 0.34521067134553596, 0.3465718858445513, 0.34386786361642213, 0.3452357539978822, 0.3478397030447433, 0.34395282552287537, 0.3478352182630206, 0.34920237975753415, 0.34923446211241815, 0.34921791400083657, 0.3491708965356552, 0.35184612094392803, 0.35180274305938064, 0.3518372659768184, 0.3518564579860677, 0.3531754144944021, 0.3518564579860677, 0.35444596175177856, 0.3531395333166583, 0.35721490836234826, 0.3611314472967169, 0.3598241568430444, 0.3598042932425918, 0.3545198280050902, 0.3651147099188054, 0.36243411228383454, 0.36241308555541407, 0.36373809278871305, 0.3610809877505032, 0.3651543109996553, 0.36505898342362164, 0.36633574183155504, 0.366404964379842, 0.37042036979401194, 0.36503710752391777, 0.36777106987718317, 0.36770932992786737, 0.3703773081340199, 0.3704175722949686, 0.370386571851027, 0.3743713793711974, 0.3742722064133169, 0.3756721912608553, 0.3756670729607412, 0.3770675564425665, 0.3757303754631188, 0.37694228195761154, 0.37705296034706187, 0.37966707473418804, 0.37967557304868993, 0.37966707473418804, 0.38235182676147006, 0.37968913370646507, 0.38356673249752865, 0.3810265494522851, 0.38099833640568337, 0.3836138777259285, 0.3836167384541152, 0.38358824385458123, 0.3862836581653293, 0.38758823164914924, 0.38497200233199524, 0.3876403424487903, 0.3888997886546165, 0.39161495488267895, 0.38763407951407575, 0.39296659471874307, 0.3969028877821994, 0.39427677879708495, 0.3969229297501613, 0.39559450514676037, 0.39961063986364975, 0.39827870604989446, 0.39282900448133296, 0.399568210064753, 0.40084471801789734, 0.4022172019881444, 0.39948038415129955, 0.40480508638394713, 0.39949340746737905, 0.40345956808845773, 0.400838982121596, 0.40471323989031877, 0.4035365378305186, 0.4061362227629004, 0.39937417148119875, 0.4101534924315351, 0.4007564036855057, 0.40605413146021235, 0.40475516076301293, 0.4060396242509493, 0.40212922921809086, 0.408727233275302, 0.41008581033157726, 0.406027788601314, 0.4127065749617618, 0.40737369831585485, 0.4100927865863233, 0.4127196163419236, 0.41270510626065554, 0.4112649613484828, 0.4126604841806055, 0.41536853066592533, 0.40992076654644327, 0.41653141719261566, 0.4166084345576368, 0.4164463744170215, 0.4153011026170148, 0.4192253053154688, 0.41920271301568685, 0.42052762670010696, 0.42847033731708273, 0.4191779083802488, 0.4218790200250118, 0.4258433986322448, 0.4246389239141187, 0.42973918872737804, 0.43118225555133, 0.4364086538753822, 0.43380647078330464, 0.43778306917409177, 0.43239491602820096],