{"ran_on": "20/06/2020 16:13:53", "no_of_artists": 5, "no_of_epochs": 120, "macro_f_score": [0.16451536080019052, 0.14880952380952378, 0.24666666666666667, 0.21695652173913044, 0.2331428571428571, 0.2556390977443609, 0.2345864661654135, 0.3435574229691877, 0.26888888888888884, 0.19428571428571428, 0.22315789473684208, 0.1831578947368421, 0.3043343653250774, 0.2563157894736842, 0.3550958845076492, 0.31693404634581107, 0.35666666666666663, 0.39166666666666666, 0.31693404634581107, 0.2333333333333333, 0.2545209176788124, 0.34325439266615737, 0.3112354312354312, 0.3027149321266968, 0.306890756302521, 0.3873809523809524, 0.37289377289377285, 0.347624140565317, 0.4122128851540617, 0.4122128851540617, 0.23910256410256406, 0.2549707602339181, 0.3988095238095238, 0.36812834224598934, 0.37380952380952376, 0.41416361416361414, 0.27690402476780185, 0.39375134669252315, 0.4226495726495726, 0.4908771929824562, 0.377094017094017, 0.4923809523809524, 0.4923809523809524, 0.4793650793650793, 0.4396336996336996, 0.46487012987012993, 0.35879336349924584, 0.4965384615384615, 0.5396336996336996, 0.4197619047619048, 0.39742424242424235, 0.4222527472527472, 0.5369047619047619, 0.5738528138528138, 0.5960439560439561, 0.26078431372549016, 0.5035552682611506, 0.531043956043956, 0.5035552682611506, 0.5035552682611506, 0.5805860805860805, 0.4428571428571428, 0.49523809523809526, 0.5046969696969696, 0.48299145299145296, 0.5613037942449707, 0.41416361416361414, 0.5088528138528139, 0.3801782531194296, 0.5333333333333334, 0.41416361416361414, 0.5253479853479852, 0.5551892551892551, 0.6038095238095238, 0.5834949364361128, 0.5551892551892551, 0.5598845598845598, 0.5598845598845598, 0.5738528138528138, 0.6388795518207282, 0.6335531135531135, 0.6001465201465201, 0.5912605042016807, 0.6272527472527472, 0.6619047619047619, 0.5580952380952381, 0.5464285714285715, 0.5912605042016807, 0.6619047619047619, 0.6313553113553113, 0.4689743589743589, 0.6316483516483516, 0.6019047619047619, 0.5738528138528138, 0.6316483516483516, 0.5677310924369747, 0.46499999999999997, 0.5098717948717948, 0.5973626373626374, 0.59058118352236, 0.5960439560439561, 0.6001465201465201, 0.5598845598845598, 0.6211721611721612, 0.5961755891167655, 0.6078388278388278, 0.5960439560439561, 0.5893557422969187, 0.5865367965367966, 0.5961755891167655, 0.5961755891167655, 0.5878388278388278, 0.6215384615384615, 0.524520577461754, 0.6583150183150183, 0.5904029304029305, 0.6154029304029305, 0.5527257056668821, 0.6314285714285715, 0.6621245421245421], "micro_f_score": [0.23333333333333334, 0.20000000000000004, 0.3, 0.3, 0.3333333333333333, 0.36666666666666664, 0.3333333333333333, 0.43333333333333335, 0.36666666666666664, 0.3333333333333333, 0.3333333333333333, 0.3, 0.4000000000000001, 0.36666666666666664, 0.43333333333333335, 0.4000000000000001, 0.43333333333333335, 0.4666666666666667, 0.4000000000000001, 0.3333333333333333, 0.3333333333333333, 0.43333333333333335, 0.4000000000000001, 0.4000000000000001, 0.4000000000000001, 0.4666666666666667, 0.43333333333333335, 0.43333333333333335, 0.5, 0.5, 0.3333333333333333, 0.36666666666666664, 0.4666666666666667, 0.4000000000000001, 0.43333333333333335, 0.5, 0.3333333333333333, 0.4666666666666667, 0.43333333333333335, 0.5, 0.4666666666666667, 0.5, 0.5, 0.4666666666666667, 0.5333333333333333, 0.4666666666666667, 0.43333333333333335, 0.5, 0.5333333333333333, 0.5, 0.4666666666666667, 0.5, 0.5333333333333333, 0.5333333333333333, 0.5666666666666667, 0.36666666666666664, 0.5, 0.5333333333333333, 0.5, 0.5, 0.5666666666666667, 0.5333333333333333, 0.5, 0.5, 0.4666666666666667, 0.5333333333333333, 0.5, 0.5, 0.4666666666666667, 0.5, 0.5, 0.5333333333333333, 0.5333333333333333, 0.5666666666666667, 0.5666666666666667, 0.5333333333333333, 0.5333333333333333, 0.5333333333333333, 0.5333333333333333, 0.5666666666666667, 0.5666666666666667, 0.5666666666666667, 0.5333333333333333, 0.5666666666666667, 0.6, 0.5333333333333333, 0.5333333333333333, 0.5333333333333333, 0.6, 0.5666666666666667, 0.4666666666666667, 0.5666666666666667, 0.5666666666666667, 0.5333333333333333, 0.5666666666666667, 0.5, 0.4666666666666667, 0.5, 0.5666666666666667, 0.5666666666666667, 0.5666666666666667, 0.5666666666666667, 0.5333333333333333, 0.6, 0.5666666666666667, 0.6, 0.5666666666666667, 0.5666666666666667, 0.5333333333333333, 0.5666666666666667, 0.5666666666666667, 0.5666666666666667, 0.6, 0.5333333333333333, 0.6, 0.5666666666666667, 0.6, 0.5333333333333333, 0.5666666666666667, 0.6]}