{"ran_on": "21/06/2020 08:38:03", "no_of_artists": 5, "no_of_epochs": 100, "macro_f_score": [0.16773698840218537, 0.07017543859649122, 0.07017543859649122, 0.4306345373810761, 0.2530314909525169, 0.19831550193489642, 0.19831550193489642, 0.2988635031080078, 0.3344322597294969, 0.2668877889075107, 0.34849032714150807, 0.3647214939347243, 0.3895988990559427, 0.3583804764920959, 0.3436957459812907, 0.3708465252919461, 0.344885414825454, 0.25322448979591833, 0.30543048262651334, 0.3400678568543501, 0.3800826962084569, 0.4666086908819991, 0.25543959154765195, 0.3838838044098675, 0.29860765493541885, 0.4066688139588928, 0.40745014778735267, 0.3861124274550714, 0.38865897213722156, 0.45564566511260896, 0.4131750509610852, 0.37481106310096407, 0.37073673742154256, 0.28541605839416057, 0.38865626860259056, 0.35836265682565743, 0.3914709286691375, 0.3336172488993129, 0.36074680807411263, 0.35693240668190485, 0.32646396410653084, 0.34947492192914104, 0.38990039270574706, 0.34855714610315836, 0.48560100718731175, 0.48941635221139695, 0.4893106487540396, 0.3797017668219468, 0.3138361247122484, 0.2624934617915535, 0.37443891685299957, 0.40411913053816684, 0.3429401290836262, 0.26469722590375205, 0.37350716836777875, 0.3060702245791563, 0.27245446262412387, 0.34976081782026636, 0.49609208471046806, 0.33915142300373413, 0.47191151583757135, 0.39642380084516066, 0.41999774846040566, 0.46303489516408447, 0.5032780309936189, 0.3623097956080665, 0.38512727954115183, 0.40003484117726956, 0.2190072069134192, 0.2881033808280534, 0.37909246888998055, 0.3781748871351827, 0.3483398546567221, 0.45629839602835814, 0.42476103172275814, 0.36293110955559355, 0.36310824299366795, 0.5112703028057581, 0.42003496135458845, 0.35878259398194356, 0.40198699775133034, 0.35899944033557385, 0.36293110955559355, 0.39320196622826126, 0.4589295685728871, 0.31733321987746765, 0.38506981732585793, 0.3623655716757457, 0.3590383472466178, 0.4035238788194504, 0.4749833731249652, 0.45882708294391583, 0.34258203056479586, 0.3884504592305652, 0.5069046141828694, 0.32347289516185657, 0.4742299694335637, 0.42431868354521446, 0.43656555365981203, 0.3482074008984486], "micro_f_score": [0.2978723404255319, 0.21276595744680848, 0.21276595744680848, 0.39361702127659576, 0.26595744680851063, 0.23404255319148937, 0.23404255319148937, 0.3617021276595745, 0.2765957446808511, 0.2978723404255319, 0.2978723404255319, 0.4148936170212766, 0.3617021276595745, 0.2978723404255319, 0.2765957446808511, 0.4148936170212766, 0.38297872340425526, 0.3404255319148936, 0.2978723404255319, 0.3617021276595745, 0.4148936170212766, 0.38297872340425526, 0.30851063829787234, 0.3723404255319149, 0.3404255319148936, 0.40425531914893614, 0.4574468085106383, 0.42553191489361697, 0.43617021276595747, 0.44680851063829785, 0.40425531914893614, 0.3191489361702128, 0.39361702127659576, 0.30851063829787234, 0.3617021276595745, 0.39361702127659576, 0.4148936170212766, 0.35106382978723405, 0.3723404255319149, 0.39361702127659576, 0.3404255319148936, 0.35106382978723405, 0.39361702127659576, 0.3617021276595745, 0.43617021276595747, 0.47872340425531923, 0.40425531914893614, 0.42553191489361697, 0.3404255319148936, 0.3191489361702128, 0.4148936170212766, 0.40425531914893614, 0.32978723404255317, 0.3404255319148936, 0.32978723404255317, 0.32978723404255317, 0.35106382978723405, 0.38297872340425526, 0.46808510638297873, 0.35106382978723405, 0.42553191489361697, 0.3404255319148936, 0.39361702127659576, 0.4574468085106383, 0.44680851063829785, 0.40425531914893614, 0.42553191489361697, 0.4148936170212766, 0.24468085106382978, 0.3723404255319149, 0.35106382978723405, 0.42553191489361697, 0.39361702127659576, 0.43617021276595747, 0.3723404255319149, 0.3723404255319149, 0.40425531914893614, 0.43617021276595747, 0.43617021276595747, 0.40425531914893614, 0.40425531914893614, 0.3723404255319149, 0.3723404255319149, 0.39361702127659576, 0.43617021276595747, 0.32978723404255317, 0.42553191489361697, 0.3617021276595745, 0.38297872340425526, 0.42553191489361697, 0.4148936170212766, 0.4574468085106383, 0.3723404255319149, 0.43617021276595747, 0.44680851063829785, 0.30851063829787234, 0.38297872340425526, 0.4148936170212766, 0.42553191489361697, 0.35106382978723405]}