{"ran_on": "20/06/2020 15:01:56", "no_of_artists": 5, "no_of_epochs": 100, "macro_f_score": [0.29306808134394335, 0.38523698523698524, 0.433934473865824, 0.41477633477633474, 0.37562795878585353, 0.4566239316239316, 0.42172354682873625, 0.4824351172177259, 0.49439775910364137, 0.44266666666666665, 0.47904093567251466, 0.4727401630627437, 0.3951395730706076, 0.4834985994397759, 0.23857160327748567, 0.3700334448160535, 0.4450909090909091, 0.40910973084886126, 0.40241780922895476, 0.4296756383712905, 0.48121971595655805, 0.4561445559271646, 0.4609523809523809, 0.5294017094017094, 0.47060912771439095, 0.39025252525252524, 0.44000000000000006, 0.42374176548089587, 0.47684931152961846, 0.45753846153846156, 0.5083185905941324, 0.4641630591630593, 0.42846320346320355, 0.41849501073638995, 0.5000559369438088, 0.4184210526315789, 0.5091503267973856, 0.48781311567689273, 0.5540616246498599, 0.5635964912280701, 0.416746437705517, 0.44822211604820306, 0.48643274853801166, 0.38177404295051354, 0.39846547314578007, 0.45999999999999996, 0.48371954842543075, 0.3293020493020493, 0.4469565217391304, 0.4698306595365419, 0.3842857142857143, 0.4276990553306342, 0.3557692307692307, 0.4566233766233766, 0.4374327122153209, 0.43549453343503686, 0.42678210678210676, 0.3770373417432241, 0.45587719298245616, 0.4269977487016027, 0.4395029806794513, 0.5288461538461539, 0.5240112317350168, 0.37330656959139935, 0.4878122283396117, 0.3876984126984127, 0.42951671983930045, 0.46313131313131317, 0.3592581951155805, 0.37860337117303067, 0.350066985645933, 0.4329942503317117, 0.39359649122807017, 0.5340909090909091, 0.4832429558745348, 0.4148512993714232, 0.37884729649435533, 0.4129882677708765, 0.43720263224907185, 0.43622517833044155, 0.43454545454545457, 0.4179712100764732, 0.43547103051747016, 0.3850263082900654, 0.4129882677708765, 0.40415500289184497, 0.43129490392648284, 0.45454145854145855, 0.4121794871794872, 0.45604395604395603, 0.4062056936198813, 0.38246934225195095, 0.38864491545606095, 0.4086610757663389, 0.40577137287663606, 0.3773850223850225, 0.3913553113553113, 0.36659147869674186, 0.3725438596491228, 0.5069327731092437], "micro_f_score": [0.3333333333333333, 0.4444444444444444, 0.4222222222222222, 0.4222222222222222, 0.4222222222222222, 0.4888888888888889, 0.4444444444444444, 0.4888888888888889, 0.4888888888888889, 0.4666666666666667, 0.4888888888888889, 0.4666666666666667, 0.4000000000000001, 0.4888888888888889, 0.28888888888888886, 0.4000000000000001, 0.4666666666666667, 0.4222222222222222, 0.4000000000000001, 0.4000000000000001, 0.4666666666666667, 0.4444444444444444, 0.4666666666666667, 0.5111111111111111, 0.4666666666666667, 0.4000000000000001, 0.4666666666666667, 0.4444444444444444, 0.5111111111111111, 0.4666666666666667, 0.5111111111111111, 0.4666666666666667, 0.4444444444444444, 0.4444444444444444, 0.4888888888888889, 0.4222222222222222, 0.5111111111111111, 0.4888888888888889, 0.5555555555555556, 0.5555555555555556, 0.4222222222222222, 0.4444444444444444, 0.4888888888888889, 0.4222222222222222, 0.4444444444444444, 0.4444444444444444, 0.4666666666666667, 0.35555555555555557, 0.4444444444444444, 0.4666666666666667, 0.4000000000000001, 0.4444444444444444, 0.37777777777777777, 0.4666666666666667, 0.4444444444444444, 0.4444444444444444, 0.4444444444444444, 0.4000000000000001, 0.4666666666666667, 0.4444444444444444, 0.4666666666666667, 0.5333333333333333, 0.5111111111111111, 0.37777777777777777, 0.4888888888888889, 0.4000000000000001, 0.4222222222222222, 0.4666666666666667, 0.4000000000000001, 0.37777777777777777, 0.4000000000000001, 0.4444444444444444, 0.4000000000000001, 0.5333333333333333, 0.4888888888888889, 0.4222222222222222, 0.4000000000000001, 0.4222222222222222, 0.4444444444444444, 0.4444444444444444, 0.4444444444444444, 0.4222222222222222, 0.4444444444444444, 0.4000000000000001, 0.4222222222222222, 0.4222222222222222, 0.4444444444444444, 0.4666666666666667, 0.4222222222222222, 0.4666666666666667, 0.4222222222222222, 0.4000000000000001, 0.4000000000000001, 0.4222222222222222, 0.4222222222222222, 0.4000000000000001, 0.4000000000000001, 0.37777777777777777, 0.37777777777777777, 0.5111111111111111]}