{"ran_on": "30/06/2020 14:55:59", "no_of_artists": 5, "no_of_epochs": 100, "macro_f_score": [0.21646736983640077, 0.21646736983640077, 0.21646736983640077, 0.21739690190078742, 0.19465702120585196, 0.2155396060045201, 0.21365805674962343, 0.21365805674962343, 0.21117855873082542, 0.21145226732560107, 0.21145226732560107, 0.20164565400750634, 0.20164565400750634, 0.20074011957833118, 0.20074011957833118, 0.21299147492327525, 0.21299147492327525, 0.21299147492327525, 0.21299147492327525, 0.21299147492327525, 0.21299147492327525, 0.21299147492327525, 0.21204871997215208, 0.21204871997215208, 0.21146278650188063, 0.197670507631641, 0.197670507631641, 0.2016811212354526, 0.2019796085553919, 0.2019796085553919, 0.2025285074807475, 0.2025285074807475, 0.2025285074807475, 0.2025285074807475, 0.20292475456611, 0.20292475456611, 0.21294438300548277, 0.21338556343722684, 0.21400718602660954, 0.21400718602660954, 0.21400718602660954, 0.21400718602660954, 0.21400718602660954, 0.21400718602660954, 0.20367255412848717, 0.19444444865665553, 0.19444444865665553, 0.19444444865665553, 0.19467689357652498, 0.19467689357652498, 0.19467689357652498, 0.19467689357652498, 0.19467689357652498, 0.19467689357652498, 0.19467689357652498, 0.19467689357652498, 0.19557122545820718, 0.18332234236939715, 0.18332234236939715, 0.18332234236939715, 0.18332234236939715, 0.18332234236939715, 0.18332234236939715, 0.18332234236939715, 0.18332234236939715, 0.18332234236939715, 0.18332234236939715, 0.1853939547416775, 0.1853939547416775, 0.1853939547416775, 0.1853939547416775, 0.184841141160909, 0.184841141160909, 0.184841141160909, 0.184841141160909, 0.184841141160909, 0.184841141160909, 0.184841141160909, 0.184841141160909, 0.184841141160909, 0.184841141160909, 0.1969073513747185, 0.1969073513747185, 0.20874173803415913, 0.20874173803415913, 0.20874173803415913, 0.20874173803415913, 0.20874173803415913, 0.20874173803415913, 0.20874173803415913, 0.19944805341878416, 0.19944805341878416, 0.19944805341878416, 0.19944805341878416, 0.19944805341878416, 0.19944805341878416, 0.1999748586496208, 0.1999748586496208, 0.1999748586496208, 0.1999748586496208], "micro_f_score": [0.24468085106382978, 0.24468085106382978, 0.24468085106382978, 0.24468085106382978, 0.22340425531914893, 0.22340425531914893, 0.22340425531914893, 0.22340425531914893, 0.22340425531914893, 0.22340425531914893, 0.22340425531914893, 0.21276595744680848, 0.21276595744680848, 0.21276595744680848, 0.21276595744680848, 0.22340425531914893, 0.22340425531914893, 0.22340425531914893, 0.22340425531914893, 0.22340425531914893, 0.22340425531914893, 0.22340425531914893, 0.22340425531914893, 0.22340425531914893, 0.22340425531914893, 0.21276595744680848, 0.21276595744680848, 0.21276595744680848, 0.21276595744680848, 0.21276595744680848, 0.21276595744680848, 0.21276595744680848, 0.21276595744680848, 0.21276595744680848, 0.21276595744680848, 0.21276595744680848, 0.22340425531914893, 0.22340425531914893, 0.22340425531914893, 0.22340425531914893, 0.22340425531914893, 0.22340425531914893, 0.22340425531914893, 0.22340425531914893, 0.21276595744680848, 0.20212765957446807, 0.20212765957446807, 0.20212765957446807, 0.20212765957446807, 0.20212765957446807, 0.20212765957446807, 0.20212765957446807, 0.20212765957446807, 0.20212765957446807, 0.20212765957446807, 0.20212765957446807, 0.20212765957446807, 0.19148936170212763, 0.19148936170212763, 0.19148936170212763, 0.19148936170212763, 0.19148936170212763, 0.19148936170212763, 0.19148936170212763, 0.19148936170212763, 0.19148936170212763, 0.19148936170212763, 0.19148936170212763, 0.19148936170212763, 0.19148936170212763, 0.19148936170212763, 0.19148936170212763, 0.19148936170212763, 0.19148936170212763, 0.19148936170212763, 0.19148936170212763, 0.19148936170212763, 0.19148936170212763, 0.19148936170212763, 0.19148936170212763, 0.19148936170212763, 0.20212765957446807, 0.20212765957446807, 0.21276595744680848, 0.21276595744680848, 0.21276595744680848, 0.21276595744680848, 0.21276595744680848, 0.21276595744680848, 0.21276595744680848, 0.20212765957446807, 0.20212765957446807, 0.20212765957446807, 0.20212765957446807, 0.20212765957446807, 0.20212765957446807, 0.20212765957446807, 0.20212765957446807, 0.20212765957446807, 0.20212765957446807]}