{"ran_on": "06/06/2020 10:11:09", "no_of_artists": 5, "no_of_epochs": 8, "macro_f_score": [0.40470028559440063, 0.4265360633819613, 0.44593815866373054, 0.41904740917875444, 0.5277673154768128, 0.49201299405943344, 0.4209412840574153, 0.49440455440811776], "micro_f_score": [0.38297872340425526, 0.42553191489361697, 0.42553191489361697, 0.39361702127659576, 0.5212765957446809, 0.48936170212765956, 0.42553191489361697, 0.5]}