{"ran_on": "30/06/2020 16:13:42", "no_of_artists": 5, "no_of_epochs": 250, "macro_f_score": [0.21223865215510943, 0.20437610623909333, 0.20418767860341352, 0.21787334454972432, 0.21559808037166459, 0.21072378775273556, 0.2255296856651999, 0.2244902024669824, 0.24543464529187892, 0.23561662193854935, 0.23561662193854935, 0.23561662193854935, 0.24629032109077448, 0.24629032109077448, 0.24629032109077448, 0.24623507879499976, 0.24623507879499976, 0.2412862808855126, 0.2412862808855126, 0.2382827298854337, 0.2382827298854337, 0.23706301206178865, 0.23706301206178865, 0.23522363125210072, 0.22521363335070171, 0.22521363335070171, 0.22521363335070171, 0.22521363335070171, 0.22521363335070171, 0.22282399606773462, 0.22171116917604, 0.22171116917604, 0.22171116917604, 0.22171116917604, 0.21975491570109051, 0.21975491570109051, 0.229696761483471, 0.229696761483471, 0.229696761483471, 0.229696761483471, 0.229696761483471, 0.229696761483471, 0.22984370015577474, 0.22984370015577474, 0.22984370015577474, 0.22840414348831736, 0.22840414348831736, 0.22722576788369733, 0.22722576788369733, 0.22722576788369733, 0.22722576788369733, 0.22639694788903597, 0.22639694788903597, 0.22639694788903597, 0.22639694788903597, 0.22639694788903597, 0.22639694788903597, 0.22639694788903597, 0.22639694788903597, 0.22639694788903597, 0.22639694788903597, 0.22639694788903597, 0.22639694788903597, 0.22639694788903597, 0.22639694788903597, 0.22639694788903597, 0.2384773530187385, 0.2384773530187385, 0.2384773530187385, 0.2384773530187385, 0.2384773530187385, 0.2384773530187385, 0.2384773530187385, 0.2384773530187385, 0.2384773530187385, 0.2384773530187385, 0.2384773530187385, 0.2384773530187385, 0.2384773530187385, 0.23859189620010482, 0.23859189620010482, 0.23859189620010482, 0.23859189620010482, 0.23859189620010482, 0.23859189620010482, 0.2508645784474817, 0.2508645784474817, 0.24182466742391628, 0.24182466742391628, 0.24182466742391628, 0.24182466742391628, 0.24182466742391628, 0.24182466742391628, 0.24182466742391628, 0.24182466742391628, 0.24182466742391628, 0.24182466742391628, 0.24182466742391628, 0.24182466742391628, 0.24182466742391628, 0.24182466742391628, 0.24182466742391628, 0.24182466742391628, 0.24182466742391628, 0.24182466742391628, 0.24182466742391628, 0.24182466742391628, 0.24182466742391628, 0.24182466742391628, 0.24182466742391628, 0.24289696112093476, 0.24289696112093476, 0.24289696112093476, 0.24289696112093476, 0.24289696112093476, 0.24289696112093476, 0.24289696112093476, 0.24289696112093476, 0.24289696112093476, 0.24289696112093476, 0.24289696112093476, 0.24167492882630948, 0.24167492882630948, 0.24167492882630948, 0.24167492882630948, 0.24167492882630948, 0.24167492882630948, 0.24167492882630948, 0.24167492882630948, 0.24167492882630948, 0.24167492882630948, 0.24167492882630948, 0.24167492882630948, 0.24167492882630948, 0.24167492882630948, 0.24167492882630948, 0.24167492882630948, 0.24167492882630948, 0.24167492882630948, 0.24167492882630948, 0.24167492882630948, 0.25451820718519874, 0.25451820718519874, 0.25451820718519874, 0.25451820718519874, 0.25451820718519874, 0.25451820718519874, 0.2530285465643599, 0.2530285465643599, 0.2530285465643599, 0.25319758197499065, 0.25319758197499065, 0.25319758197499065, 0.25319758197499065, 0.25319758197499065, 0.25319758197499065, 0.25319758197499065, 0.25319758197499065, 0.25319758197499065, 0.25319758197499065, 0.25319758197499065, 0.25319758197499065, 0.25319758197499065, 0.25319758197499065, 0.25319758197499065, 0.25319758197499065, 0.25319758197499065, 0.25319758197499065, 0.25319758197499065, 0.25319758197499065, 0.25319758197499065, 0.25319758197499065, 0.25319758197499065, 0.25319758197499065, 0.25319758197499065, 0.25319758197499065, 0.25319758197499065, 0.25319758197499065, 0.25319758197499065, 0.25319758197499065, 0.25319758197499065, 0.25319758197499065, 0.25319758197499065, 0.25319758197499065, 0.25420681224648556, 0.25420681224648556, 0.25420681224648556, 0.25420681224648556, 0.25420681224648556, 0.25420681224648556, 0.25420681224648556, 0.25420681224648556, 0.25420681224648556, 0.25420681224648556, 0.25420681224648556, 0.25420681224648556, 0.25420681224648556, 0.25420681224648556, 0.25420681224648556, 0.25420681224648556, 0.25420681224648556, 0.25420681224648556, 0.25420681224648556, 0.25287056493299837, 0.25287056493299837, 0.25287056493299837, 0.25287056493299837, 0.25287056493299837, 0.25287056493299837, 0.25287056493299837, 0.25287056493299837, 0.25287056493299837, 0.25287056493299837, 0.25287056493299837, 0.25287056493299837, 0.25287056493299837, 0.25287056493299837, 0.25287056493299837, 0.25287056493299837, 0.25287056493299837, 0.25287056493299837, 0.25287056493299837, 0.25287056493299837, 0.25287056493299837, 0.25287056493299837, 0.25287056493299837, 0.25287056493299837, 0.25287056493299837, 0.25287056493299837, 0.25287056493299837, 0.25287056493299837, 0.25287056493299837, 0.25287056493299837, 0.25287056493299837, 0.25287056493299837, 0.25287056493299837, 0.25287056493299837, 0.25287056493299837, 0.24263792150359315, 0.24263792150359315, 0.24263792150359315, 0.24263792150359315, 0.24263792150359315, 0.24263792150359315, 0.2319602922547421, 0.24236272866001982, 0.24236272866001982, 0.24236272866001982, 0.24236272866001982, 0.24236272866001982],