{"ran_on": "12/07/2020 15:02:32", "no_of_artists": 5, "no_of_epochs": 1, "macro_f_score": [0.07017543859649122], "micro_f_score": [0.21276595744680848]}