{"ran_on": "14/05/2020 23:49:10", "no_of_artists": 5, "no_of_epochs": 250, "macro_f_score": [0.17804684648342095, 0.17844571531169007, 0.17870954794690566, 0.1790336044994395, 0.18002135694026947, 0.17983559644382183, 0.18086590686540513, 0.17854302722694057, 0.17756272733630593, 0.1788901311662204, 0.18183219743851517, 0.1796121904021271, 0.17945213236913485, 0.18166883872649492, 0.18148226005961898, 0.1825591839457965, 0.18483375663494264, 0.18463919413317137, 0.18468171709735862, 0.18577498530171874, 0.18610877270822676, 0.18705749993103493, 0.18903502956544538, 0.19354034547593726, 0.19241658940156606, 0.19226886133346563, 0.19218335187613161, 0.1945826795618527, 0.19570738572335256, 0.19561513288472468, 0.19547801724211494, 0.19537127097327694, 0.195283415250523, 0.19628417698239117, 0.19851864477013906, 0.2005910790853426, 0.20164080478178867, 0.20066113259664664, 0.20275009147645198, 0.20161988558337934, 0.20390761389831455, 0.20364523283892794, 0.2057621673474434, 0.20581390447593598, 0.20679153624457758, 0.20688765930634775, 0.20693445999389007, 0.20672453650892425, 0.20561945050675265, 0.20658543827402442, 0.2075193627561024, 0.20746187912044128, 0.20537189120020602, 0.20644365111477928, 0.20856856085034123, 0.21069323040053387, 0.21069323040053387, 0.21276234022244425, 0.2128598219917432, 0.21385113977173628, 0.21262278570330007, 0.21588162699593957, 0.21696939722947922, 0.21688966154242317, 0.21801433684733343, 0.21692049781196027, 0.21800325831053236, 0.21691265730928294, 0.21687206393741254, 0.2169217859413829, 0.2168611150716758, 0.21787427086557656, 0.21888293844668277, 0.21996764198574406, 0.22096503763343545, 0.22096313608804874, 0.22088221145067896, 0.22089160008983053, 0.2219388782852544, 0.2187527420709457, 0.22193397656251707, 0.22088296539173324, 0.22192289684313143, 0.22088296539173324, 0.2229526223072482, 0.22397084263433706, 0.22075701135024461, 0.2260089169718934, 0.22599784483964605, 0.22603575755923566, 0.22595757925869187, 0.22596744494981347, 0.22598470020105116, 0.2280815296342676, 0.2281082618936749, 0.22793625369969656, 0.23015428075167788, 0.23018476858184828, 0.2332947750408475, 0.23544156706864033, 0.23551894027718515, 0.23435068177893542, 0.23549756199344102, 0.233266367995123, 0.23330752885308212, 0.23545305912868092, 0.23118659953019707, 0.23540224311595265, 0.23431291926146966, 0.23651745848249092, 0.23431453708522154, 0.23648863419989746, 0.23647691078657157, 0.23763473432044524, 0.2374902757179515, 0.2386266493529685, 0.23974706485318314, 0.23746467681898273, 0.23751092080401048, 0.23660301307805404, 0.23853228639847596, 0.23861425762144936, 0.23753305462374727, 0.23975707229394916, 0.23865856699809626, 0.24076039662453746, 0.23865798079573555, 0.24300372182841776, 0.23753157407544026, 0.2408095327125385, 0.24077569022576428, 0.24189289239802872, 0.24401079425077374, 0.2459990153374259, 0.24810350312167112, 0.24593958325968368, 0.2481988858796654, 0.2470280385404623, 0.24701800232405705, 0.24704792572428388, 0.25127775174526973, 0.24812366804552993, 0.24917858588495767, 0.24811692917543363, 0.25449403210649596, 0.2502472530035859, 0.2534037276971268, 0.25118056757768303, 0.25235477706447845, 0.25765218473827406, 0.2553690874086441, 0.2575690972985689, 0.25663100130310124, 0.26068877172005045, 0.2597173452096126, 0.261865370979826, 0.26182653469509476, 0.261781930170233, 0.25859708730096687, 0.26180484819663913, 0.2628894578572127, 0.25963541327499917, 0.2650997929349156, 0.260627777368032, 0.26395892091090656, 0.26277565004776327, 0.2639083881265961, 0.2639733593267904, 0.2681185793709394, 0.2671234914043614, 0.26818125398264747, 0.26707510608335033, 0.27129087383814343, 0.2723664476123742, 0.270221676216925, 0.27442563173376683, 0.2765721507463433, 0.27551145663210075, 0.27432950768224146, 0.2756490383149093, 0.27861821544757875, 0.2765009204701949, 0.27863039314213384, 0.28076215792869563, 0.28080346547666346, 0.2807613290418143, 0.2796760984664914, 0.28297098387346203, 0.28079291621033853, 0.2796703403497255, 0.2838585199486281, 0.282876159298734, 0.28493552183423776, 0.2827599233627703, 0.2860209729230094, 0.2848818578699464, 0.2870980724758576, 0.2859370326605745, 0.2849571189069301, 0.2849487280025255, 0.285992128286398, 0.2881727421679958, 0.2881709427322537, 0.28916231122181063, 0.2922644854384739, 0.28913838364760136, 0.2880242039641579, 0.2933113715882811, 0.2932685435094376, 0.296455326178759, 0.2964075672855068, 0.2963787820215306, 0.29743337894194205, 0.2985420352987667, 0.2974133521818706, 0.29953205788379017, 0.29944349143584925, 0.3048563496053329, 0.3006104608350702, 0.3026873280842644, 0.3026453270490424, 0.3038386753838413, 0.3036704833664286, 0.30166547523754594, 0.3026702902620719, 0.3037499950479674, 0.3059925873710909, 0.3038401339724857, 0.30389434988536373, 0.3059667964459911, 0.3015497427597117, 0.30387263823697563, 0.3047990204391464, 0.3060336521242002, 0.30694857994179475, 0.30481524130433524, 0.3080677735887227, 0.3090217604426248, 0.30695038253596113, 0.3111937479599107, 0.30802888233582404, 0.31327472516560656, 0.3069652537183398, 0.31225702295128166, 0.31017892178808765, 0.31339073547996305, 0.31427188354466135, 0.31324818630476825, 0.31443028970284953, 0.3153066757871669],