{"ran_on": "23/06/2020 23:07:22", "no_of_artists": 5, "no_of_epochs": 400, "macro_f_score": [0.19585109406081275, 0.26398777692895337, 0.329062656641604, 0.3904761904761904, 0.3541855203619909, 0.33192640692640696, 0.3346766917293233, 0.37366946778711474, 0.34836134453781514, 0.3133333333333333, 0.3153225806451613, 0.34141025641025646, 0.32853957636566333, 0.37746031746031744, 0.42601503759398496, 0.386231884057971, 0.379197252023339, 0.2901098901098901, 0.3337231968810916, 0.3173906553216898, 0.34190476190476193, 0.40485838779956423, 0.33359788359788356, 0.3832034632034632, 0.3055440533701403, 0.34509803921568627, 0.4, 0.47373433583959895, 0.4029629629629629, 0.3452380952380952, 0.31520130972592775, 0.43220439691027923, 0.37026455026455024, 0.4101190476190476, 0.47138528138528135, 0.3202380952380952, 0.42409937888198757, 0.3064189886480908, 0.4, 0.4311437908496732, 0.3287806620623958, 0.38406926406926406, 0.3885805422647528, 0.43499999999999994, 0.34904761904761905, 0.3666179337231969, 0.3306390977443609, 0.3966097937150569, 0.3771001031991744, 0.41950386215092095, 0.42590909090909096, 0.3599509803921569, 0.37987719298245615, 0.37175983436853005, 0.40106227106227105, 0.38055716213610946, 0.34840673818934687, 0.36764957264957265, 0.3318059476755129, 0.3547619047619047, 0.42590909090909096, 0.3202380952380952, 0.3966097937150569, 0.3855072463768116, 0.39792717086834734, 0.35619047619047617, 0.426577473094501, 0.3560606060606061, 0.4228845451223967, 0.42223707664884136, 0.4109096270086982, 0.4340336134453782, 0.4340336134453782, 0.40535338345864663, 0.33691641691641694, 0.44890374331550803, 0.4275852675166176, 0.41962356872573603, 0.4, 0.3912702472293265, 0.3998631873802153, 0.36410256410256403, 0.33316434899958924, 0.4228845451223967, 0.3220779220779221, 0.3106970324361629, 0.4305882352941176, 0.4173669467787115, 0.41105882352941175, 0.35643274853801166, 0.3971072065189712, 0.37936507936507935, 0.4231320949432405, 0.4018606298354582, 0.384857789269554, 0.40454317612212354, 0.322434875066454, 0.4263216011042098, 0.3972308393361025, 0.4246424885743771, 0.42799658994032397, 0.40224089635854343, 0.3678632478632478, 0.39404688191065895, 0.44499484004127965, 0.3327505827505827, 0.45631578947368423, 0.4403311347422264, 0.36925893328639325, 0.42590909090909096, 0.46760504201680675, 0.382239210065297, 0.33506227106227104, 0.4511670480549199, 0.3701562276732556, 0.3998631873802153, 0.42446311858076563, 0.40587719298245617, 0.3814327485380117, 0.4007982523152802, 0.38561029763075805, 0.42673202614379085, 0.3545787545787546, 0.42446311858076563, 0.41582633053221285, 0.3817633828160144, 0.38122222222222224, 0.39270702981229294, 0.34366323047437597, 0.39236842105263153, 0.3879369138959932, 0.425, 0.4297020626432391, 0.3671572871572872, 0.38552631578947366, 0.4482170259408111, 0.3998631873802153, 0.39638528138528134, 0.3971072065189712, 0.3971072065189712, 0.47024345623416836, 0.3991965207135486, 0.3894862155388471, 0.37868671679197996, 0.42268330673230387, 0.4257326007326007, 0.34444131719673515, 0.43625976706472064, 0.3771428571428571, 0.34027376132639287, 0.4398407784166299, 0.374045258072718, 0.31624876671316304, 0.4176081916019996, 0.3628904428904428, 0.3462406015037594, 0.4164559736938254, 0.3906243032329989, 0.37868671679197996, 0.41058206499382965, 0.36299411115200586, 0.39831932773109247, 0.4409258440218193, 0.44128469569646045, 0.4398711263161391, 0.4121136173767753, 0.46764111705288175, 0.37428774928774927, 0.39236842105263153, 0.3443073747717711, 0.3116671276854343, 0.3297558276963311, 0.342577885265512, 0.36897674049376833, 0.312666250606754, 0.3776260340966223, 0.34444444444444444, 0.32898978214767693, 0.361007326007326, 0.4363425274415986, 0.3984459984459984, 0.32298245614035087, 0.4021272277026752, 0.3855998903057726, 0.33335068440331594, 0.3625922666197266, 0.4021272277026752, 0.3625236167341431, 0.4132723112128146, 0.41984438219732334, 0.35908667632452795, 0.3769857335646809, 0.3879824561403509, 0.3941264927023441, 0.3998631873802153, 0.41997657186444376, 0.36114680513994013, 0.3768606298354582, 0.4179369138959931, 0.4148719392063045, 0.471433645922137, 0.37412546517809675, 0.3946491228070175, 0.32878043525102346, 0.3280351227719649, 0.3833689328574239, 0.3509803921568627, 0.4228845451223968, 0.3833333333333333, 0.38468761417610525, 0.3515244559362206, 0.35924242424242425, 0.3855998903057726, 0.3645161290322581, 0.4433418031244118, 0.4363425274415986, 0.3772604588394062, 0.4462908870642079, 0.3426739926739927, 0.48951398103100885, 0.37679357154002185, 0.4164559736938254, 0.3534188034188034, 0.41159163894390705, 0.41888386123680244, 0.4033333333333333, 0.40674763832658567, 0.4389483065953653, 0.3952898550724638, 0.41164323853111034, 0.40249299719887954, 0.39591478696741855, 0.46795518207282916, 0.46656268568033277, 0.3163498150900734, 0.3906243032329989, 0.3770940170940171, 0.3449615743733391, 0.44813209494324047, 0.4516624040920716, 0.3455266955266955, 0.3635470085470085, 0.38801587301587304, 0.38605908584169446, 0.3870717517776341, 0.4164559736938254, 0.39010359609430817, 0.3812964439428297, 0.3496512183468705, 0.41222222222222216, 0.32407407407407407, 0.38055716213610946, 0.2724242424242424, 0.34354978354978355, 0.3600039346842416, 0.3150326797385621, 0.3068825910931174, 0.42215686274509806, 0.3652790346907994, 0.40345301757066465, 0.4158823529411765, 0.32184873949579834, 0.4305882352941176, 0.35416348357524824, 0.39730122818358116, 0.4202758494702229, 0.3642105263157895, 0.4398778809769522, 0.4253007518796993, 0.35986279802069276, 0.4044662309368192, 0.43195652173913046, 0.3520511430378603, 0.4470028011204482, 0.4149859943977591, 0.3591910811511537, 0.42439775910364136, 0.3676614613456719, 0.443921568627451, 0.3880622271792012, 0.32642857142857146, 0.33962178172704494, 0.3756149732620321, 0.3513220495979117, 0.39945222533457836, 0.405632183908046, 0.3470794633642931, 0.3432512315270936, 0.298036778036778, 0.3253501400560224, 0.31340996168582375, 0.3098600612938181, 0.27541569541569544, 0.32387612387612386, 0.37141456582633053, 0.3521234119782214, 0.36086834733893564, 0.3446336996336996, 0.3726050420168067, 0.34454166105801587, 0.38145530939648586, 0.4289819004524887, 0.3778932178932179, 0.34693802086591463, 0.3822302362240443, 0.4083346276373601, 0.30629718107978976, 0.34727398205659077, 0.36421052631578943, 0.4092284186401834, 0.44334606569900686, 0.36345864661654137, 0.3702046783625731, 0.37550353028613903, 0.3430680813439434, 0.3226092419377356, 0.4092284186401834, 0.4257326007326007, 0.42380952380952375, 0.4284441049146931, 0.4056302521008403, 0.3396755778334726, 0.33704839020628496, 0.33633866133866136, 0.35031055900621116, 0.4216374269005848, 0.3551747014595312, 0.35297619047619044, 0.3513935340022296, 0.33335068440331594, 0.34898785425101214, 0.34879551820728294, 0.3337858220211161, 0.3571701969528057, 0.40476190476190477, 0.3687519452225334, 0.3225438596491228, 0.45398190045248865, 0.3755737868269837, 0.34217844075429216, 0.35416348357524824, 0.30726817042606513, 0.3523565323565324, 0.3461466070161722, 0.33813844957220635, 0.32264957264957267, 0.2943387494858083, 0.3228744939271255, 0.36504594820384295, 0.36801313628899834, 0.37191721132897604, 0.24289215686274507, 0.39525641025641023, 0.4419047619047619, 0.33955505279034687, 0.38095238095238093, 0.31213517665130563, 0.32594194516391317, 0.32742416385792067, 0.3139393939393939, 0.3959383753501401, 0.36153527631788496, 0.30666666666666664, 0.2966931216931217, 0.4107232916049715, 0.45166666666666655, 0.41725490196078424, 0.306986161986162, 0.3297478991596639, 0.3770588235294118, 0.3444669365721997, 0.34699300699300706, 0.3520511430378603, 0.42740740740740735, 0.4132723112128146, 0.32547545333923045, 0.38091896407685877, 0.406940836940837, 0.3739515116391384, 0.3283208020050125, 0.3635470085470085, 0.32747201074787285, 0.3485497424776362, 0.2896969696969697, 0.45166666666666666, 0.34689075630252103, 0.37198616198616197, 0.38073260073260073, 0.3961764705882353, 0.41904761904761906, 