{"ran_on": "06/06/2020 11:55:12", "no_of_artists": 600, "no_of_epochs": 1, "macro_f_score": [0.010065253815024565], "micro_f_score": [0.01099476439790576]}