{"ran_on": "02/07/2020 04:10:33", "no_of_artists": 643, "no_of_epochs": 100, "macro_f_score": [4.849086984269291e-06, 0.0003255396068755041, 0.00024754671476534816, 4.862563689453992e-06, 0.003358236314443229, 0.001603638954842375, 0.004010836779876088, 0.0026238732299929215, 0.005679458861572312, 0.006566574031551286, 0.0028197193106463143, 0.0022000638411204523, 0.006449641504859794, 0.003150408978443276, 0.0018994574588993382, 0.005131130268572539, 0.004548631505414374, 0.003033398480743961, 0.007142158544271805, 0.005664648787770418, 0.01214749094822434, 0.014105176599826706, 0.01408736190295817, 0.0044121004298785715, 0.014040699596623407, 0.015935513094559206, 0.011943838220183448, 0.0132422571640345, 0.005995318147442734, 0.004701202232258153, 0.013013300171197237, 0.0038219517692470602, 0.015659579301912738, 0.004723991276587464, 0.005446465781183034, 0.019103505590299327, 0.004911427501627828, 0.004685018864049912, 0.006980182043195841, 0.008126437589148312, 0.009551703323317237, 0.004467649575241981, 0.0059302427332424785, 0.018322772156615836, 0.018116937984844195, 0.01841839920815068, 0.010756954103672969, 0.013697733280435916, 0.00890775490719308, 0.0077514929088634875, 0.013090255582225853, 0.005846386882117701, 0.009818195652381565, 0.011759679168040013, 0.008260572480645488, 0.004691761555575329, 0.009518451616577231, 0.014286894723771119, 0.013217244931326947, 0.009229931082158731, 0.009574179121748199, 0.015255854581694822, 0.011214671005234196, 0.016909826964212206, 0.0070024840108902755, 0.010216257305206889, 0.006786508039069541, 0.006819624675809501, 0.007494646696774771, 0.011672854424659611, 0.01306516839514975, 0.008083692039961945, 0.017886552640514208, 0.00852548465026916, 0.009765290700381573, 0.00941613150437233, 0.013430375126129086, 0.008443281905354087, 0.017080668302797707, 0.012317923975215308, 0.010984618576395462, 0.0086147088227176, 0.012764008964265418, 0.008815724876375811, 0.021634173995302184, 0.01120757841750447, 0.01571064364746755, 0.00842201148475795, 0.008566769094857173, 0.011924780531015386, 0.009612365473081554, 0.012173368371371148, 0.012249249882029327, 0.015538128371384527, 0.011471361190072388, 0.012339659326704328, 0.013294094962668316, 0.009099128279245965, 0.016382496695654794, 0.013662999753363846], "micro_f_score": [0.0015611448395490024, 0.0024284475281873374, 0.0020815264527320036, 0.0015611448395490024, 0.005203816131830009, 0.0017346053772766695, 0.006244579358196009, 0.0046834345186470075, 0.009193408499566348, 0.010928013876843019, 0.0029488291413703378, 0.0046834345186470075, 0.007285342584562012, 0.0029488291413703378, 0.002775368603642671, 0.007285342584562012, 0.006591500433651345, 0.0029488291413703378, 0.008326105810928014, 0.00572419774501301, 0.01769297484822203, 0.0194275802254987, 0.021335646140503036, 0.004856895056374675, 0.016825672159583693, 0.020815264527320035, 0.013529921942758021, 0.0194275802254987, 0.006418039895923678, 0.004163052905464007, 0.01873373807458803, 0.00398959236773634, 0.01873373807458803, 0.005030355594102341, 0.007111882046834345, 0.020468343451864702, 0.0058976582827406756, 0.004856895056374675, 0.006938421509106678, 0.010234171725932351, 0.01196877710320902, 0.00398959236773634, 0.005203816131830009, 0.019601040763226368, 0.023243712055507373, 0.02272333044232437, 0.013703382480485688, 0.01717259323503903, 0.009540329575021683, 0.006418039895923678, 0.014744145706851692, 0.006244579358196009, 0.012142237640936688, 0.017866435385949696, 0.00849956634865568, 0.006591500433651345, 0.00797918473547268, 0.017346053772766695, 0.017519514310494363, 0.009887250650477016, 0.009540329575021683, 0.01647875108412836, 0.012836079791847355, 0.02237640936686904, 0.006938421509106678, 0.012836079791847355, 0.008326105810928014, 0.007632263660017346, 0.009540329575021683, 0.009887250650477016, 0.01873373807458803, 0.00797918473547268, 0.022549869904596703, 0.006418039895923678, 0.010581092801387684, 0.010234171725932351, 0.015091066782307025, 0.009019947961838682, 0.020815264527320035, 0.013529921942758021, 0.012489158716392019, 0.008152645273200346, 0.01543798785776236, 0.008326105810928014, 0.020468343451864702, 0.012489158716392019, 0.014917606244579358, 0.009193408499566348, 0.008846487424111016, 0.014917606244579358, 0.009540329575021683, 0.01075455333911535, 0.012489158716392019, 0.0215091066782307, 0.01196877710320902, 0.01075455333911535, 0.019601040763226368, 0.00849956634865568, 0.01873373807458803, 0.014397224631396357]}