{"ran_on": "12/07/2020 16:47:07", "no_of_artists": 643, "no_of_epochs": 1, "macro_f_score": [4.849086984269291e-06], "micro_f_score": [0.0015611448395490024]}